0;175896377;https://steamcommunity.com/market/listings/730/StatTrak%E2%84%A2%20MAC-10%20%7C%20Aloha%20%28Factory%20New%29
1;1322045;https://steamcommunity.com/market/listings/730/MAG-7%20%7C%20Irradiated%20Alert%20%28Factory%20New%29
2;176097279;https://steamcommunity.com/market/listings/730/StatTrak%E2%84%A2%20M249%20%7C%20Warbird%20%28Factory%20New%29
3;176209291;https://steamcommunity.com/market/listings/730/StatTrak%E2%84%A2%20P90%20%7C%20Cocoa%20Rampage%20%28Factory%20New%29
4;14953167;https://steamcommunity.com/market/listings/730/G3SG1%20%7C%20Contractor%20%28Factory%20New%29
5;176209598;https://steamcommunity.com/market/listings/730/StatTrak%E2%84%A2%20Nova%20%7C%20Clear%20Polymer%20%28Factory%20New%29
6;176096757;https://steamcommunity.com/market/listings/730/StatTrak%E2%84%A2%20P2000%20%7C%20Obsidian%20%28Minimal%20Wear%29
7;14966468;https://steamcommunity.com/market/listings/730/StatTrak%E2%84%A2%20Five-SeveN%20%7C%20Fowl%20Play%20%28Minimal%20Wear%29
8;1322044;https://steamcommunity.com/market/listings/730/MAC-10%20%7C%20Urban%20DDPAT%20%28Factory%20New%29
9;1545230;https://steamcommunity.com/market/listings/730/Glock-18%20%7C%20Sand%20Dune%20%28Minimal%20Wear%29
10;175896314;https://steamcommunity.com/market/listings/730/Tec-9%20%7C%20Cut%20Out%20%28Factory%20New%29
11;176097456;https://steamcommunity.com/market/listings/730/StatTrak%E2%84%A2%20Dual%20Berettas%20%7C%20Balance%20%28Factory%20New%29
12;14953240;https://steamcommunity.com/market/listings/730/SCAR-20%20%7C%20Storm%20%28Factory%20New%29
13;84454635;https://steamcommunity.com/market/listings/730/StatTrak%E2%84%A2%20PP-Bizon%20%7C%20Fuel%20Rod%20%28Minimal%20Wear%29
14;15497954;https://steamcommunity.com/market/listings/730/PP-Bizon%20%7C%20Blue%20Streak%20%28Factory%20New%29
15;1322015;https://steamcommunity.com/market/listings/730/PP-Bizon%20%7C%20Irradiated%20Alert%20%28Factory%20New%29
16;149869033;https://steamcommunity.com/market/listings/730/StatTrak%E2%84%A2%20AUG%20%7C%20Fleet%20Flock%20%28Minimal%20Wear%29
17;14959393;https://steamcommunity.com/market/listings/730/CZ75-Auto%20%7C%20Nitro%20%28Minimal%20Wear%29
18;1321727;https://steamcommunity.com/market/listings/730/PP-Bizon%20%7C%20Modern%20Hunter%20%28Field-Tested%29
19;176241089;https://steamcommunity.com/market/listings/730/StatTrak%E2%84%A2%20MP9%20%7C%20Food%20Chain%20%28Minimal%20Wear%29
20;1547020;https://steamcommunity.com/market/listings/730/P250%20%7C%20Facets%20%28Factory%20New%29
21;176091923;https://steamcommunity.com/market/listings/730/StatTrak%E2%84%A2%20UMP-45%20%7C%20Plastique%20%28Factory%20New%29
22;29207450;https://steamcommunity.com/market/listings/730/StatTrak%E2%84%A2%20Sawed-Off%20%7C%20Serenity%20%28Factory%20New%29
23;176096460;https://steamcommunity.com/market/listings/730/AUG%20%7C%20Arctic%20Wolf%20%28Factory%20New%29
24;1321504;https://steamcommunity.com/market/listings/730/M4A4%20%7C%20Jungle%20Tiger%20%28Minimal%20Wear%29
25;14962971;https://steamcommunity.com/market/listings/730/StatTrak%E2%84%A2%20Nova%20%7C%20Koi%20%28Factory%20New%29
26;6824753;https://steamcommunity.com/market/listings/730/StatTrak%E2%84%A2%20Five-SeveN%20%7C%20Copper%20Galaxy%20%28Field-Tested%29
27;176288609;https://steamcommunity.com/market/listings/730/StatTrak%E2%84%A2%20FAMAS%20%7C%20Rapid%20Eye%20Movement%20%28Field-Tested%29
28;14953147;https://steamcommunity.com/market/listings/730/SG%20553%20%7C%20Traveler%20%28Field-Tested%29
29;176209760;https://steamcommunity.com/market/listings/730/StatTrak%E2%84%A2%20Dual%20Berettas%20%7C%20Dezastre%20%28Factory%20New%29
30;15492617;https://steamcommunity.com/market/listings/730/MP7%20%7C%20Ocean%20Foam%20%28Minimal%20Wear%29
31;1321722;https://steamcommunity.com/market/listings/730/Nova%20%7C%20Modern%20Hunter%20%28Field-Tested%29
32;3458810;https://steamcommunity.com/market/listings/730/StatTrak%E2%84%A2%20PP-Bizon%20%7C%20Cobalt%20Halftone%20%28Factory%20New%29
33;29209316;https://steamcommunity.com/market/listings/730/StatTrak%E2%84%A2%20P250%20%7C%20Muertos%20%28Field-Tested%29
34;1322096;https://steamcommunity.com/market/listings/730/P2000%20%7C%20Scorpion%20%28Minimal%20Wear%29
35;175917345;https://steamcommunity.com/market/listings/730/StatTrak%E2%84%A2%20R8%20Revolver%20%7C%20Llama%20Cannon%20%28Minimal%20Wear%29
36;2383775;https://steamcommunity.com/market/listings/730/Glock-18%20%7C%20Groundwater%20%28Minimal%20Wear%29
37;176263066;https://steamcommunity.com/market/listings/730/StatTrak%E2%84%A2%20MAG-7%20%7C%20BI83%20Spectrum%20%28Factory%20New%29
38;1547602;https://steamcommunity.com/market/listings/730/StatTrak%E2%84%A2%20Galil%20AR%20%7C%20Shattered%20%28Minimal%20Wear%29
39;175880394;https://steamcommunity.com/market/listings/730/StatTrak%E2%84%A2%20Galil%20AR%20%7C%20Crimson%20Tsunami%20%28Factory%20New%29
40;176209271;https://steamcommunity.com/market/listings/730/SCAR-20%20%7C%20Magna%20Carta%20%28Field-Tested%29
41;1919673;https://steamcommunity.com/market/listings/730/StatTrak%E2%84%A2%20SCAR-20%20%7C%20Crimson%20Web%20%28Minimal%20Wear%29
42;1321726;https://steamcommunity.com/market/listings/730/UMP-45%20%7C%20Fallout%20Warning%20%28Minimal%20Wear%29
43;1321636;https://steamcommunity.com/market/listings/730/PP-Bizon%20%7C%20Forest%20Leaves%20%28Factory%20New%29
44;176024853;https://steamcommunity.com/market/listings/730/StatTrak%E2%84%A2%20M4A4%20%7C%20Magnesium%20%28Factory%20New%29
45;23853266;https://steamcommunity.com/market/listings/730/StatTrak%E2%84%A2%20M4A4%20%7C%20Griffin%20%28Minimal%20Wear%29
46;176000101;https://steamcommunity.com/market/listings/730/StatTrak%E2%84%A2%20CZ75-Auto%20%7C%20Eco%20%28Factory%20New%29
47;14953207;https://steamcommunity.com/market/listings/730/SG%20553%20%7C%20Traveler%20%28Factory%20New%29
48;165030997;https://steamcommunity.com/market/listings/730/StatTrak%E2%84%A2%20Tec-9%20%7C%20Fuel%20Injector%20%28Field-Tested%29
49;1544541;https://steamcommunity.com/market/listings/730/SSG%2008%20%7C%20Mayan%20Dreams%20%28Minimal%20Wear%29
50;176321372;https://steamcommunity.com/market/listings/730/StatTrak%E2%84%A2%20R8%20Revolver%20%7C%20Crazy%208%20%28Factory%20New%29
51;1544462;https://steamcommunity.com/market/listings/730/PP-Bizon%20%7C%20Rust%20Coat%20%28Minimal%20Wear%29
52;176042631;https://steamcommunity.com/market/listings/730/AUG%20%7C%20Momentum%20%28Minimal%20Wear%29
53;149872465;https://steamcommunity.com/market/listings/730/StatTrak%E2%84%A2%20UMP-45%20%7C%20Primal%20Saber%20%28Minimal%20Wear%29
54;1321703;https://steamcommunity.com/market/listings/730/XM1014%20%7C%20Urban%20Perforated%20%28Factory%20New%29
55;176096689;https://steamcommunity.com/market/listings/730/StatTrak%E2%84%A2%20AUG%20%7C%20Arctic%20Wolf%20%28Field-Tested%29
56;165079081;https://steamcommunity.com/market/listings/730/Desert%20Eagle%20%7C%20Directive%20%28Factory%20New%29
57;15497959;https://steamcommunity.com/market/listings/730/StatTrak%E2%84%A2%20Glock-18%20%7C%20Steel%20Disruption%20%28Field-Tested%29
58;1593947;https://steamcommunity.com/market/listings/730/MP7%20%7C%20Groundwater%20%28Factory%20New%29
59;176000018;https://steamcommunity.com/market/listings/730/StatTrak%E2%84%A2%20Nova%20%7C%20Toy%20Soldier%20%28Factory%20New%29
60;6821570;https://steamcommunity.com/market/listings/730/Five-SeveN%20%7C%20Copper%20Galaxy%20%28Minimal%20Wear%29
61;175854313;https://steamcommunity.com/market/listings/730/StatTrak%E2%84%A2%20Glock-18%20%7C%20Ironwork%20%28Factory%20New%29
62;156113462;https://steamcommunity.com/market/listings/730/SCAR-20%20%7C%20Bloodsport%20%28Factory%20New%29
63;49399569;https://steamcommunity.com/market/listings/730/Negev%20%7C%20Loudmouth%20%28Minimal%20Wear%29
64;175854355;https://steamcommunity.com/market/listings/730/StatTrak%E2%84%A2%20Sawed-Off%20%7C%20Wasteland%20Princess%20%28Minimal%20Wear%29
65;176209326;https://steamcommunity.com/market/listings/730/StatTrak%E2%84%A2%20SSG%2008%20%7C%20Parallax%20%28Minimal%20Wear%29
66;49359052;https://steamcommunity.com/market/listings/730/StatTrak%E2%84%A2%20USP-S%20%7C%20Torque%20%28Factory%20New%29
67;165043272;https://steamcommunity.com/market/listings/730/StatTrak%E2%84%A2%20FAMAS%20%7C%20Roll%20Cage%20%28Field-Tested%29
68;176091881;https://steamcommunity.com/market/listings/730/StatTrak%E2%84%A2%20Five-SeveN%20%7C%20Buddy%20%28Factory%20New%29
69;176241060;https://steamcommunity.com/market/listings/730/StatTrak%E2%84%A2%20XM1014%20%7C%20XOXO%20%28Minimal%20Wear%29
70;176262860;https://steamcommunity.com/market/listings/730/StatTrak%E2%84%A2%20SSG%2008%20%7C%20Turbo%20Peek%20%28Field-Tested%29
71;6822187;https://steamcommunity.com/market/listings/730/StatTrak%E2%84%A2%20CZ75-Auto%20%7C%20Tread%20Plate%20%28Field-Tested%29
72;14953121;https://steamcommunity.com/market/listings/730/P2000%20%7C%20Coach%20Class%20%28Field-Tested%29
73;176262911;https://steamcommunity.com/market/listings/730/StatTrak%E2%84%A2%20Five-SeveN%20%7C%20Boost%20Protocol%20%28Factory%20New%29
74;1321546;https://steamcommunity.com/market/listings/730/SCAR-20%20%7C%20Splash%20Jam%20%28Field-Tested%29
75;6821531;https://steamcommunity.com/market/listings/730/StatTrak%E2%84%A2%20Glock-18%20%7C%20Blue%20Fissure%20%28Minimal%20Wear%29
76;176262844;https://steamcommunity.com/market/listings/730/M249%20%7C%20Humidor%20%28Field-Tested%29
77;175854338;https://steamcommunity.com/market/listings/730/Sawed-Off%20%7C%20Wasteland%20Princess%20%28Factory%20New%29
78;176262617;https://steamcommunity.com/market/listings/730/P250%20%7C%20Black%20%26%20Tan%20%28Field-Tested%29
79;15492613;https://steamcommunity.com/market/listings/730/StatTrak%E2%84%A2%20Glock-18%20%7C%20Steel%20Disruption%20%28Minimal%20Wear%29
80;176118439;https://steamcommunity.com/market/listings/730/StatTrak%E2%84%A2%20SG%20553%20%7C%20Darkwing%20%28Factory%20New%29
81;23861461;https://steamcommunity.com/market/listings/730/StatTrak%E2%84%A2%20Glock-18%20%7C%20Grinder%20%28Field-Tested%29
82;175896390;https://steamcommunity.com/market/listings/730/P250%20%7C%20Red%20Rock%20%28Minimal%20Wear%29
83;176024767;https://steamcommunity.com/market/listings/730/MP5-SD%20%7C%20Phosphor%20%28Factory%20New%29
84;49365706;https://steamcommunity.com/market/listings/730/StatTrak%E2%84%A2%20SG%20553%20%7C%20Cyrex%20%28Field-Tested%29
85;1321742;https://steamcommunity.com/market/listings/730/Nova%20%7C%20Walnut%20%28Factory%20New%29
86;175917347;https://steamcommunity.com/market/listings/730/StatTrak%E2%84%A2%20P250%20%7C%20See%20Ya%20Later%20%28Field-Tested%29
87;18529305;https://steamcommunity.com/market/listings/730/Tec-9%20%7C%20Toxic%20%28Factory%20New%29
88;3444639;https://steamcommunity.com/market/listings/730/Sawed-Off%20%7C%20The%20Kraken%20%28Minimal%20Wear%29
89;139673167;https://steamcommunity.com/market/listings/730/StatTrak%E2%84%A2%20Glock-18%20%7C%20Royal%20Legion%20%28Minimal%20Wear%29
90;6824785;https://steamcommunity.com/market/listings/730/CZ75-Auto%20%7C%20Victoria%20%28Minimal%20Wear%29
91;176263144;https://steamcommunity.com/market/listings/730/Nova%20%7C%20Interlock%20%28Factory%20New%29
92;29215133;https://steamcommunity.com/market/listings/730/StatTrak%E2%84%A2%20MAC-10%20%7C%20Malachite%20%28Factory%20New%29
93;156117115;https://steamcommunity.com/market/listings/730/StatTrak%E2%84%A2%20P2000%20%7C%20Imperial%20Dragon%20%28Field-Tested%29
94;15002232;https://steamcommunity.com/market/listings/730/StatTrak%E2%84%A2%20CZ75-Auto%20%7C%20Tigris%20%28Factory%20New%29
95;176000030;https://steamcommunity.com/market/listings/730/StatTrak%E2%84%A2%20Glock-18%20%7C%20Warhawk%20%28Factory%20New%29
96;18531012;https://steamcommunity.com/market/listings/730/MP9%20%7C%20Setting%20Sun%20%28Minimal%20Wear%29
97;1321544;https://steamcommunity.com/market/listings/730/G3SG1%20%7C%20Arctic%20Camo%20%28Minimal%20Wear%29
98;175854230;https://steamcommunity.com/market/listings/730/StatTrak%E2%84%A2%20M4A1-S%20%7C%20Flashback%20%28Minimal%20Wear%29
99;176042558;https://steamcommunity.com/market/listings/730/AWP%20%7C%20Atheris%20%28Minimal%20Wear%29
100;2386061;https://steamcommunity.com/market/listings/730/AUG%20%7C%20Colony%20%28Factory%20New%29
101;176118420;https://steamcommunity.com/market/listings/730/StatTrak%E2%84%A2%20Desert%20Eagle%20%7C%20Blue%20Ply%20%28Factory%20New%29
102;176288608;https://steamcommunity.com/market/listings/730/StatTrak%E2%84%A2%20M4A1-S%20%7C%20Night%20Terror%20%28Factory%20New%29
103;176118442;https://steamcommunity.com/market/listings/730/StatTrak%E2%84%A2%20MAG-7%20%7C%20Justice%20%28Minimal%20Wear%29
104;176097493;https://steamcommunity.com/market/listings/730/StatTrak%E2%84%A2%20R8%20Revolver%20%7C%20Memento%20%28Factory%20New%29
105;176262849;https://steamcommunity.com/market/listings/730/FAMAS%20%7C%20ZX%20Spectron%20%28Factory%20New%29
106;176241086;https://steamcommunity.com/market/listings/730/MP9%20%7C%20Food%20Chain%20%28Factory%20New%29
107;67064075;https://steamcommunity.com/market/listings/730/StatTrak%E2%84%A2%20MP7%20%7C%20Special%20Delivery%20%28Minimal%20Wear%29
108;15490377;https://steamcommunity.com/market/listings/730/Negev%20%7C%20Bratatat%20%28Factory%20New%29
109;175854227;https://steamcommunity.com/market/listings/730/FAMAS%20%7C%20Mecha%20Industries%20%28Factory%20New%29
110;1321466;https://steamcommunity.com/market/listings/730/P90%20%7C%20Fallout%20Warning%20%28Minimal%20Wear%29
111;14959389;https://steamcommunity.com/market/listings/730/MP7%20%7C%20Gunsmoke%20%28Factory%20New%29
112;8988941;https://steamcommunity.com/market/listings/730/StatTrak%E2%84%A2%20P90%20%7C%20Desert%20Warfare%20%28Factory%20New%29
113;1321484;https://steamcommunity.com/market/listings/730/StatTrak%E2%84%A2%20FAMAS%20%7C%20Doomkitty%20%28Minimal%20Wear%29
114;176321303;https://steamcommunity.com/market/listings/730/StatTrak%E2%84%A2%20Sawed-Off%20%7C%20Kiss%E2%99%A5Love%20%28Field-Tested%29
115;1917305;https://steamcommunity.com/market/listings/730/Dual%20Berettas%20%7C%20Hemoglobin%20%28Minimal%20Wear%29
116;3442194;https://steamcommunity.com/market/listings/730/StatTrak%E2%84%A2%20MP9%20%7C%20Rose%20Iron%20%28Minimal%20Wear%29
117;2404195;https://steamcommunity.com/market/listings/730/MP7%20%7C%20Orange%20Peel%20%28Factory%20New%29
118;176209495;https://steamcommunity.com/market/listings/730/P250%20%7C%20Bengal%20Tiger%20%28Minimal%20Wear%29
119;1321575;https://steamcommunity.com/market/listings/730/Sawed-Off%20%7C%20Irradiated%20Alert%20%28Factory%20New%29
120;149869060;https://steamcommunity.com/market/listings/730/AUG%20%7C%20Fleet%20Flock%20%28Factory%20New%29
121;175880671;https://steamcommunity.com/market/listings/730/StatTrak%E2%84%A2%20UMP-45%20%7C%20Scaffold%20%28Factory%20New%29
122;15494463;https://steamcommunity.com/market/listings/730/StatTrak%E2%84%A2%20MP7%20%7C%20Ocean%20Foam%20%28Factory%20New%29
123;40092041;https://steamcommunity.com/market/listings/730/MAC-10%20%7C%20Neon%20Rider%20%28Minimal%20Wear%29
124;176185971;https://steamcommunity.com/market/listings/730/StatTrak%E2%84%A2%20XM1014%20%7C%20Entombed%20%28Field-Tested%29
125;176091936;https://steamcommunity.com/market/listings/730/StatTrak%E2%84%A2%20Glock-18%20%7C%20Sacrifice%20%28Factory%20New%29
126;2385715;https://steamcommunity.com/market/listings/730/MP7%20%7C%20Orange%20Peel%20%28Minimal%20Wear%29
127;175896365;https://steamcommunity.com/market/listings/730/StatTrak%E2%84%A2%20P250%20%7C%20Red%20Rock%20%28Field-Tested%29
128;1545457;https://steamcommunity.com/market/listings/730/MAG-7%20%7C%20Hazard%20%28Minimal%20Wear%29
129;176209292;https://steamcommunity.com/market/listings/730/P2000%20%7C%20Dispatch%20%28Factory%20New%29
130;23853271;https://steamcommunity.com/market/listings/730/StatTrak%E2%84%A2%20Glock-18%20%7C%20Grinder%20%28Factory%20New%29
131;1321778;https://steamcommunity.com/market/listings/730/Tec-9%20%7C%20Ossified%20%28Minimal%20Wear%29
132;29207460;https://steamcommunity.com/market/listings/730/StatTrak%E2%84%A2%20Desert%20Eagle%20%7C%20Naga%20%28Minimal%20Wear%29
133;176321259;https://steamcommunity.com/market/listings/730/StatTrak%E2%84%A2%20SG%20553%20%7C%20Dragon%20Tech%20%28Minimal%20Wear%29
134;29207443;https://steamcommunity.com/market/listings/730/Desert%20Eagle%20%7C%20Naga%20%28Factory%20New%29
135;176096574;https://steamcommunity.com/market/listings/730/SG%20553%20%7C%20Candy%20Apple%20%28Factory%20New%29
136;1917966;https://steamcommunity.com/market/listings/730/StatTrak%E2%84%A2%20FAMAS%20%7C%20Hexane%20%28Minimal%20Wear%29
137;1321835;https://steamcommunity.com/market/listings/730/Nova%20%7C%20Blaze%20Orange%20%28Field-Tested%29
138;1544634;https://steamcommunity.com/market/listings/730/Five-SeveN%20%7C%20Anodized%20Gunmetal%20%28Minimal%20Wear%29
139;176209438;https://steamcommunity.com/market/listings/730/FAMAS%20%7C%20Dark%20Water%20%28Minimal%20Wear%29
140;176262566;https://steamcommunity.com/market/listings/730/SSG%2008%20%7C%20Turbo%20Peek%20%28Minimal%20Wear%29
141;176096541;https://steamcommunity.com/market/listings/730/StatTrak%E2%84%A2%20MP7%20%7C%20Neon%20Ply%20%28Minimal%20Wear%29
142;176042611;https://steamcommunity.com/market/listings/730/StatTrak%E2%84%A2%20AUG%20%7C%20Momentum%20%28Field-Tested%29
143;176262917;https://steamcommunity.com/market/listings/730/StatTrak%E2%84%A2%20MP9%20%7C%20Mount%20Fuji%20%28Minimal%20Wear%29
144;156151894;https://steamcommunity.com/market/listings/730/StatTrak%E2%84%A2%20AUG%20%7C%20Aristocrat%20%28Factory%20New%29
145;149869076;https://steamcommunity.com/market/listings/730/StatTrak%E2%84%A2%20Tec-9%20%7C%20Re-Entry%20%28Factory%20New%29
146;1544618;https://steamcommunity.com/market/listings/730/PP-Bizon%20%7C%20Rust%20Coat%20%28Field-Tested%29
147;8988669;https://steamcommunity.com/market/listings/730/Tec-9%20%7C%20Isaac%20%28Factory%20New%29
148;6821054;https://steamcommunity.com/market/listings/730/StatTrak%E2%84%A2%20CZ75-Auto%20%7C%20Crimson%20Web%20%28Minimal%20Wear%29
149;176209562;https://steamcommunity.com/market/listings/730/SSG%2008%20%7C%20Parallax%20%28Factory%20New%29
150;176209503;https://steamcommunity.com/market/listings/730/StatTrak%E2%84%A2%20Nova%20%7C%20Clear%20Polymer%20%28Minimal%20Wear%29
151;1917037;https://steamcommunity.com/market/listings/730/StatTrak%E2%84%A2%20P250%20%7C%20Hive%20%28Minimal%20Wear%29
152;176262863;https://steamcommunity.com/market/listings/730/StatTrak%E2%84%A2%20Glock-18%20%7C%20Snack%20Attack%20%28Field-Tested%29
153;176209385;https://steamcommunity.com/market/listings/730/StatTrak%E2%84%A2%20Dual%20Berettas%20%7C%20Dezastre%20%28Minimal%20Wear%29
154;14963008;https://steamcommunity.com/market/listings/730/StatTrak%E2%84%A2%20Five-SeveN%20%7C%20Fowl%20Play%20%28Field-Tested%29
155;175917445;https://steamcommunity.com/market/listings/730/StatTrak%E2%84%A2%20PP-Bizon%20%7C%20High%20Roller%20%28Minimal%20Wear%29
156;176118464;https://steamcommunity.com/market/listings/730/StatTrak%E2%84%A2%20Sawed-Off%20%7C%20Apocalypto%20%28Factory%20New%29
157;176118359;https://steamcommunity.com/market/listings/730/StatTrak%E2%84%A2%20MAG-7%20%7C%20Justice%20%28Field-Tested%29
158;176209370;https://steamcommunity.com/market/listings/730/SSG%2008%20%7C%20Threat%20Detected%20%28Factory%20New%29
159;40092023;https://steamcommunity.com/market/listings/730/StatTrak%E2%84%A2%20AWP%20%7C%20Worm%20God%20%28Minimal%20Wear%29
160;149872457;https://steamcommunity.com/market/listings/730/StatTrak%E2%84%A2%20UMP-45%20%7C%20Primal%20Saber%20%28Field-Tested%29
161;40092061;https://steamcommunity.com/market/listings/730/StatTrak%E2%84%A2%20Galil%20AR%20%7C%20Eco%20%28Field-Tested%29
162;2388981;https://steamcommunity.com/market/listings/730/G3SG1%20%7C%20Safari%20Mesh%20%28Factory%20New%29
163;67061035;https://steamcommunity.com/market/listings/730/Galil%20AR%20%7C%20Stone%20Cold%20%28Factory%20New%29
164;175854285;https://steamcommunity.com/market/listings/730/StatTrak%E2%84%A2%20USP-S%20%7C%20Cyrex%20%28Minimal%20Wear%29
165;14959386;https://steamcommunity.com/market/listings/730/P2000%20%7C%20Grassland%20%28Factory%20New%29
166;14962959;https://steamcommunity.com/market/listings/730/P90%20%7C%20Asiimov%20%28Field-Tested%29
167;14953242;https://steamcommunity.com/market/listings/730/MAC-10%20%7C%20Indigo%20%28Factory%20New%29
168;84454631;https://steamcommunity.com/market/listings/730/M4A4%20%7C%20Royal%20Paladin%20%28Field-Tested%29
169;176262891;https://steamcommunity.com/market/listings/730/Glock-18%20%7C%20Snack%20Attack%20%28Minimal%20Wear%29
170;176186015;https://steamcommunity.com/market/listings/730/StatTrak%E2%84%A2%20MAC-10%20%7C%20Allure%20%28Factory%20New%29
171;176096675;https://steamcommunity.com/market/listings/730/SSG%2008%20%7C%20Red%20Stone%20%28Factory%20New%29
172;29205269;https://steamcommunity.com/market/listings/730/P250%20%7C%20Muertos%20%28Minimal%20Wear%29
173;67067167;https://steamcommunity.com/market/listings/730/P250%20%7C%20Wingshot%20%28Factory%20New%29
174;149913843;https://steamcommunity.com/market/listings/730/StatTrak%E2%84%A2%20CZ75-Auto%20%7C%20Red%20Astor%20%28Factory%20New%29
175;8989613;https://steamcommunity.com/market/listings/730/StatTrak%E2%84%A2%20Galil%20AR%20%7C%20Kami%20%28Factory%20New%29
176;14953113;https://steamcommunity.com/market/listings/730/SSG%2008%20%7C%20Detour%20%28Minimal%20Wear%29
177;176262846;https://steamcommunity.com/market/listings/730/Negev%20%7C%20Infrastructure%20%28Factory%20New%29
178;176262711;https://steamcommunity.com/market/listings/730/MP9%20%7C%20Music%20Box%20%28Field-Tested%29
179;2383833;https://steamcommunity.com/market/listings/730/Negev%20%7C%20CaliCamo%20%28Minimal%20Wear%29
180;176118419;https://steamcommunity.com/market/listings/730/StatTrak%E2%84%A2%20SSG%2008%20%7C%20Fever%20Dream%20%28Factory%20New%29
181;18529290;https://steamcommunity.com/market/listings/730/Glock-18%20%7C%20Reactor%20%28Field-Tested%29
182;40092049;https://steamcommunity.com/market/listings/730/StatTrak%E2%84%A2%20AWP%20%7C%20Worm%20God%20%28Field-Tested%29
183;176262806;https://steamcommunity.com/market/listings/730/Galil%20AR%20%7C%20Amber%20Fade%20%28Field-Tested%29
184;8989584;https://steamcommunity.com/market/listings/730/StatTrak%E2%84%A2%20MAC-10%20%7C%20Curse%20%28Field-Tested%29
185;176209165;https://steamcommunity.com/market/listings/730/P2000%20%7C%20Dispatch%20%28Field-Tested%29
186;176209455;https://steamcommunity.com/market/listings/730/Negev%20%7C%20Phoenix%20Stencil%20%28Field-Tested%29
187;176096622;https://steamcommunity.com/market/listings/730/StatTrak%E2%84%A2%20PP-Bizon%20%7C%20Embargo%20%28Minimal%20Wear%29
188;176042625;https://steamcommunity.com/market/listings/730/StatTrak%E2%84%A2%20Tec-9%20%7C%20Bamboozle%20%28Factory%20New%29
189;15492585;https://steamcommunity.com/market/listings/730/StatTrak%E2%84%A2%20Glock-18%20%7C%20Steel%20Disruption%20%28Factory%20New%29
190;176118407;https://steamcommunity.com/market/listings/730/Glock-18%20%7C%20Bullet%20Queen%20%28Field-Tested%29
191;175896364;https://steamcommunity.com/market/listings/730/StatTrak%E2%84%A2%20UMP-45%20%7C%20Metal%20Flowers%20%28Factory%20New%29
192;175966891;https://steamcommunity.com/market/listings/730/StatTrak%E2%84%A2%20MAG-7%20%7C%20SWAG-7%20%28Factory%20New%29
193;84454654;https://steamcommunity.com/market/listings/730/StatTrak%E2%84%A2%20Tec-9%20%7C%20Avalanche%20%28Minimal%20Wear%29
194;176262894;https://steamcommunity.com/market/listings/730/Nova%20%7C%20Quick%20Sand%20%28Minimal%20Wear%29
195;176262910;https://steamcommunity.com/market/listings/730/P250%20%7C%20Black%20%26%20Tan%20%28Minimal%20Wear%29
196;15492589;https://steamcommunity.com/market/listings/730/P2000%20%7C%20Corticera%20%28Field-Tested%29
197;14953154;https://steamcommunity.com/market/listings/730/MAC-10%20%7C%20Commuter%20%28Minimal%20Wear%29
198;2383865;https://steamcommunity.com/market/listings/730/Negev%20%7C%20CaliCamo%20%28Field-Tested%29
199;15508949;https://steamcommunity.com/market/listings/730/StatTrak%E2%84%A2%20MP7%20%7C%20Ocean%20Foam%20%28Minimal%20Wear%29
200;18536818;https://steamcommunity.com/market/listings/730/XM1014%20%7C%20Bone%20Machine%20%28Factory%20New%29
201;139654816;https://steamcommunity.com/market/listings/730/StatTrak%E2%84%A2%20MP7%20%7C%20Impire%20%28Minimal%20Wear%29
202;176096650;https://steamcommunity.com/market/listings/730/P2000%20%7C%20Obsidian%20%28Factory%20New%29
203;6821580;https://steamcommunity.com/market/listings/730/StatTrak%E2%84%A2%20Desert%20Eagle%20%7C%20Heirloom%20%28Field-Tested%29
204;176096746;https://steamcommunity.com/market/listings/730/R8%20Revolver%20%7C%20Canal%20Spray%20%28Factory%20New%29
205;175966772;https://steamcommunity.com/market/listings/730/USP-S%20%7C%20Cortex%20%28Minimal%20Wear%29
206;2416006;https://steamcommunity.com/market/listings/730/AK-47%20%7C%20Safari%20Mesh%20%28Factory%20New%29
207;176186017;https://steamcommunity.com/market/listings/730/StatTrak%E2%84%A2%20Tec-9%20%7C%20Brother%20%28Factory%20New%29
208;3449602;https://steamcommunity.com/market/listings/730/StatTrak%E2%84%A2%20Nova%20%7C%20Rising%20Skull%20%28Minimal%20Wear%29
209;67061025;https://steamcommunity.com/market/listings/730/StatTrak%E2%84%A2%20P250%20%7C%20Wingshot%20%28Minimal%20Wear%29
210;18529286;https://steamcommunity.com/market/listings/730/XM1014%20%7C%20Bone%20Machine%20%28Minimal%20Wear%29
211;49359130;https://steamcommunity.com/market/listings/730/StatTrak%E2%84%A2%20FAMAS%20%7C%20Neural%20Net%20%28Factory%20New%29
212;149869034;https://steamcommunity.com/market/listings/730/AUG%20%7C%20Fleet%20Flock%20%28Minimal%20Wear%29
213;3442119;https://steamcommunity.com/market/listings/730/MP9%20%7C%20Rose%20Iron%20%28Minimal%20Wear%29
214;175966846;https://steamcommunity.com/market/listings/730/StatTrak%E2%84%A2%20MP7%20%7C%20Bloodsport%20%28Minimal%20Wear%29
215;2387635;https://steamcommunity.com/market/listings/730/SG%20553%20%7C%20Gator%20Mesh%20%28Minimal%20Wear%29
216;176241082;https://steamcommunity.com/market/listings/730/StatTrak%E2%84%A2%20Desert%20Eagle%20%7C%20Trigger%20Discipline%20%28Minimal%20Wear%29
217;139654845;https://steamcommunity.com/market/listings/730/FAMAS%20%7C%20Valence%20%28Factory%20New%29
218;176241101;https://steamcommunity.com/market/listings/730/StatTrak%E2%84%A2%20Galil%20AR%20%7C%20Chromatic%20Aberration%20%28Field-Tested%29
219;165086328;https://steamcommunity.com/market/listings/730/StatTrak%E2%84%A2%20Glock-18%20%7C%20Weasel%20%28Factory%20New%29
220;6822163;https://steamcommunity.com/market/listings/730/CZ75-Auto%20%7C%20Tread%20Plate%20%28Field-Tested%29
221;18532766;https://steamcommunity.com/market/listings/730/Five-SeveN%20%7C%20Hot%20Shot%20%28Factory%20New%29
222;176209516;https://steamcommunity.com/market/listings/730/StatTrak%E2%84%A2%20UMP-45%20%7C%20Gold%20Bismuth%20%28Minimal%20Wear%29
223;176288507;https://steamcommunity.com/market/listings/730/MP9%20%7C%20Starlight%20Protector%20%28Field-Tested%29
224;175999973;https://steamcommunity.com/market/listings/730/StatTrak%E2%84%A2%20AWP%20%7C%20PAW%20%28Field-Tested%29
225;176263167;https://steamcommunity.com/market/listings/730/P90%20%7C%20Schematic%20%28Minimal%20Wear%29
226;175896347;https://steamcommunity.com/market/listings/730/StatTrak%E2%84%A2%20M4A1-S%20%7C%20Briefing%20%28Field-Tested%29
227;40092037;https://steamcommunity.com/market/listings/730/MAC-10%20%7C%20Neon%20Rider%20%28Field-Tested%29
228;15492609;https://steamcommunity.com/market/listings/730/P90%20%7C%20Virus%20%28Factory%20New%29
229;7178690;https://steamcommunity.com/market/listings/730/AUG%20%7C%20Chameleon%20%28Minimal%20Wear%29
230;40094828;https://steamcommunity.com/market/listings/730/StatTrak%E2%84%A2%20Five-SeveN%20%7C%20Monkey%20Business%20%28Field-Tested%29
231;14953209;https://steamcommunity.com/market/listings/730/P90%20%7C%20Storm%20%28Factory%20New%29
232;176262610;https://steamcommunity.com/market/listings/730/MP9%20%7C%20Mount%20Fuji%20%28Factory%20New%29
233;176042599;https://steamcommunity.com/market/listings/730/StatTrak%E2%84%A2%20AK-47%20%7C%20Uncharted%20%28Factory%20New%29
234;176012592;https://steamcommunity.com/market/listings/730/MAG-7%20%7C%20Core%20Breach%20%28Factory%20New%29
235;175854303;https://steamcommunity.com/market/listings/730/P90%20%7C%20Shallow%20Grave%20%28Factory%20New%29
236;14953173;https://steamcommunity.com/market/listings/730/MAC-10%20%7C%20Commuter%20%28Field-Tested%29
237;175854293;https://steamcommunity.com/market/listings/730/FAMAS%20%7C%20Mecha%20Industries%20%28Minimal%20Wear%29
238;176263152;https://steamcommunity.com/market/listings/730/Negev%20%7C%20Infrastructure%20%28Minimal%20Wear%29
239;1919712;https://steamcommunity.com/market/listings/730/Nova%20%7C%20Graphite%20%28Minimal%20Wear%29
240;3444625;https://steamcommunity.com/market/listings/730/StatTrak%E2%84%A2%20Galil%20AR%20%7C%20Sandstorm%20%28Minimal%20Wear%29
241;40094824;https://steamcommunity.com/market/listings/730/StatTrak%E2%84%A2%20FAMAS%20%7C%20Djinn%20%28Minimal%20Wear%29
242;175854467;https://steamcommunity.com/market/listings/730/StatTrak%E2%84%A2%20FAMAS%20%7C%20Mecha%20Industries%20%28Minimal%20Wear%29
243;176262895;https://steamcommunity.com/market/listings/730/StatTrak%E2%84%A2%20Five-SeveN%20%7C%20Boost%20Protocol%20%28Minimal%20Wear%29
244;176262896;https://steamcommunity.com/market/listings/730/MAC-10%20%7C%20Toybox%20%28Minimal%20Wear%29
245;175966723;https://steamcommunity.com/market/listings/730/AUG%20%7C%20Stymphalian%20%28Factory%20New%29
246;176263034;https://steamcommunity.com/market/listings/730/StatTrak%E2%84%A2%20M4A4%20%7C%20Spider%20Lily%20%28Field-Tested%29
247;14953149;https://steamcommunity.com/market/listings/730/P2000%20%7C%20Coach%20Class%20%28Minimal%20Wear%29
248;175917315;https://steamcommunity.com/market/listings/730/M4A1-S%20%7C%20Leaded%20Glass%20%28Minimal%20Wear%29
249;7179645;https://steamcommunity.com/market/listings/730/StatTrak%E2%84%A2%20SG%20553%20%7C%20Pulse%20%28Minimal%20Wear%29
250;3448438;https://steamcommunity.com/market/listings/730/Sawed-Off%20%7C%20The%20Kraken%20%28Factory%20New%29
251;1321627;https://steamcommunity.com/market/listings/730/StatTrak%E2%84%A2%20M4A4%20%7C%20Faded%20Zebra%20%28Minimal%20Wear%29
252;175917311;https://steamcommunity.com/market/listings/730/R8%20Revolver%20%7C%20Llama%20Cannon%20%28Minimal%20Wear%29
253;176209447;https://steamcommunity.com/market/listings/730/Desert%20Eagle%20%7C%20Night%20Heist%20%28Field-Tested%29
254;176096546;https://steamcommunity.com/market/listings/730/StatTrak%E2%84%A2%20AK-47%20%7C%20Rat%20Rod%20%28Field-Tested%29
255;165031001;https://steamcommunity.com/market/listings/730/MP9%20%7C%20Airlock%20%28Minimal%20Wear%29
256;14962980;https://steamcommunity.com/market/listings/730/StatTrak%E2%84%A2%20P250%20%7C%20Supernova%20%28Factory%20New%29
257;14962981;https://steamcommunity.com/market/listings/730/StatTrak%E2%84%A2%20PP-Bizon%20%7C%20Osiris%20%28Factory%20New%29
258;84510768;https://steamcommunity.com/market/listings/730/StatTrak%E2%84%A2%20SG%20553%20%7C%20Tiger%20Moth%20%28Factory%20New%29
259;176262720;https://steamcommunity.com/market/listings/730/M249%20%7C%20Humidor%20%28Minimal%20Wear%29
260;176209437;https://steamcommunity.com/market/listings/730/StatTrak%E2%84%A2%20AWP%20%7C%20Exoskeleton%20%28Field-Tested%29
261;176288621;https://steamcommunity.com/market/listings/730/StatTrak%E2%84%A2%20USP-S%20%7C%20Ticket%20to%20Hell%20%28Minimal%20Wear%29
262;18531014;https://steamcommunity.com/market/listings/730/FAMAS%20%7C%20Styx%20%28Minimal%20Wear%29
263;49419460;https://steamcommunity.com/market/listings/730/Desert%20Eagle%20%7C%20Night%20%28Minimal%20Wear%29
264;7178683;https://steamcommunity.com/market/listings/730/P90%20%7C%20Trigon%20%28Field-Tested%29
265;175880386;https://steamcommunity.com/market/listings/730/AWP%20%7C%20Fever%20Dream%20%28Minimal%20Wear%29
266;139673157;https://steamcommunity.com/market/listings/730/StatTrak%E2%84%A2%20Five-SeveN%20%7C%20Triumvirate%20%28Minimal%20Wear%29
267;67061017;https://steamcommunity.com/market/listings/730/M249%20%7C%20Nebula%20Crusader%20%28Factory%20New%29
268;156172287;https://steamcommunity.com/market/listings/730/StatTrak%E2%84%A2%20Sawed-Off%20%7C%20Limelight%20%28Factory%20New%29
269;176000066;https://steamcommunity.com/market/listings/730/StatTrak%E2%84%A2%20MP7%20%7C%20Powercore%20%28Factory%20New%29
270;14962951;https://steamcommunity.com/market/listings/730/Glock-18%20%7C%20Water%20Elemental%20%28Field-Tested%29
271;175966799;https://steamcommunity.com/market/listings/730/MP7%20%7C%20Bloodsport%20%28Factory%20New%29
272;176209579;https://steamcommunity.com/market/listings/730/Galil%20AR%20%7C%20Dusk%20Ruins%20%28Minimal%20Wear%29
273;176209333;https://steamcommunity.com/market/listings/730/P250%20%7C%20Bengal%20Tiger%20%28Field-Tested%29
274;156113511;https://steamcommunity.com/market/listings/730/Glock-18%20%7C%20Wasteland%20Rebel%20%28Field-Tested%29
275;3440939;https://steamcommunity.com/market/listings/730/Nova%20%7C%20Rising%20Skull%20%28Factory%20New%29
276;49430990;https://steamcommunity.com/market/listings/730/Galil%20AR%20%7C%20Urban%20Rubble%20%28Factory%20New%29
277;23853259;https://steamcommunity.com/market/listings/730/SCAR-20%20%7C%20Cardiac%20%28Minimal%20Wear%29
278;1321424;https://steamcommunity.com/market/listings/730/PP-Bizon%20%7C%20Carbon%20Fiber%20%28Factory%20New%29
279;156113519;https://steamcommunity.com/market/listings/730/StatTrak%E2%84%A2%20AWP%20%7C%20Phobos%20%28Minimal%20Wear%29
280;156117118;https://steamcommunity.com/market/listings/730/StatTrak%E2%84%A2%20AWP%20%7C%20Phobos%20%28Factory%20New%29
281;175896371;https://steamcommunity.com/market/listings/730/StatTrak%E2%84%A2%20FAMAS%20%7C%20Macabre%20%28Factory%20New%29
282;1321376;https://steamcommunity.com/market/listings/730/AK-47%20%7C%20Jungle%20Spray%20%28Field-Tested%29
283;176358909;https://steamcommunity.com/market/listings/730/StatTrak%E2%84%A2%20Glock-18%20%7C%20Umbral%20Rabbit%20%28Minimal%20Wear%29
284;176118370;https://steamcommunity.com/market/listings/730/StatTrak%E2%84%A2%20P2000%20%7C%20Acid%20Etched%20%28Factory%20New%29
285;176096532;https://steamcommunity.com/market/listings/730/AK-47%20%7C%20Rat%20Rod%20%28Factory%20New%29
286;1544597;https://steamcommunity.com/market/listings/730/FAMAS%20%7C%20Spitfire%20%28Field-Tested%29
287;14953210;https://steamcommunity.com/market/listings/730/CZ75-Auto%20%7C%20Nitro%20%28Field-Tested%29
288;165031005;https://steamcommunity.com/market/listings/730/StatTrak%E2%84%A2%20SG%20553%20%7C%20Triarch%20%28Factory%20New%29
289;176096914;https://steamcommunity.com/market/listings/730/StatTrak%E2%84%A2%20AUG%20%7C%20Arctic%20Wolf%20%28Minimal%20Wear%29
290;175896292;https://steamcommunity.com/market/listings/730/M4A1-S%20%7C%20Briefing%20%28Minimal%20Wear%29
291;176012649;https://steamcommunity.com/market/listings/730/AK-47%20%7C%20Safety%20Net%20%28Minimal%20Wear%29
292;176091921;https://steamcommunity.com/market/listings/730/StatTrak%E2%84%A2%20AUG%20%7C%20Death%20by%20Puppy%20%28Field-Tested%29
293;149869023;https://steamcommunity.com/market/listings/730/StatTrak%E2%84%A2%20AUG%20%7C%20Fleet%20Flock%20%28Field-Tested%29
294;1321411;https://steamcommunity.com/market/listings/730/UMP-45%20%7C%20Fallout%20Warning%20%28Field-Tested%29
295;156113481;https://steamcommunity.com/market/listings/730/SCAR-20%20%7C%20Bloodsport%20%28Minimal%20Wear%29
296;176209384;https://steamcommunity.com/market/listings/730/P90%20%7C%20Tiger%20Pit%20%28Field-Tested%29
297;176262736;https://steamcommunity.com/market/listings/730/M4A4%20%7C%20Spider%20Lily%20%28Minimal%20Wear%29
298;149877359;https://steamcommunity.com/market/listings/730/StatTrak%E2%84%A2%20XM1014%20%7C%20Black%20Tie%20%28Factory%20New%29
299;14216350;https://steamcommunity.com/market/listings/730/M4A4%20%7C%20Desert-Strike%20%28Factory%20New%29
300;1919470;https://steamcommunity.com/market/listings/730/Dual%20Berettas%20%7C%20Hemoglobin%20%28Field-Tested%29
301;176262797;https://steamcommunity.com/market/listings/730/USP-S%20%7C%20Black%20Lotus%20%28Factory%20New%29
302;1546864;https://steamcommunity.com/market/listings/730/StatTrak%E2%84%A2%20Nova%20%7C%20Tempest%20%28Field-Tested%29
303;176321293;https://steamcommunity.com/market/listings/730/StatTrak%E2%84%A2%20M4A4%20%7C%20Poly%20Mag%20%28Factory%20New%29
304;6821035;https://steamcommunity.com/market/listings/730/USP-S%20%7C%20Stainless%20%28Field-Tested%29
305;15494477;https://steamcommunity.com/market/listings/730/AUG%20%7C%20Bengal%20Tiger%20%28Minimal%20Wear%29
306;1321503;https://steamcommunity.com/market/listings/730/Dual%20Berettas%20%7C%20Demolition%20%28Field-Tested%29
307;176262677;https://steamcommunity.com/market/listings/730/M249%20%7C%20Humidor%20%28Factory%20New%29
308;176096521;https://steamcommunity.com/market/listings/730/AK-47%20%7C%20Baroque%20Purple%20%28Minimal%20Wear%29
309;175896330;https://steamcommunity.com/market/listings/730/StatTrak%E2%84%A2%20MAG-7%20%7C%20Hard%20Water%20%28Factory%20New%29
310;3440919;https://steamcommunity.com/market/listings/730/Nova%20%7C%20Rising%20Skull%20%28Minimal%20Wear%29
311;15490370;https://steamcommunity.com/market/listings/730/StatTrak%E2%84%A2%20USP-S%20%7C%20Blood%20Tiger%20%28Factory%20New%29
312;15490366;https://steamcommunity.com/market/listings/730/Glock-18%20%7C%20Steel%20Disruption%20%28Factory%20New%29
313;67060987;https://steamcommunity.com/market/listings/730/StatTrak%E2%84%A2%20Dual%20Berettas%20%7C%20Dualing%20Dragons%20%28Factory%20New%29
314;84454657;https://steamcommunity.com/market/listings/730/R8%20Revolver%20%7C%20Fade%20%28Field-Tested%29
315;23853277;https://steamcommunity.com/market/listings/730/StatTrak%E2%84%A2%20M4A4%20%7C%20Griffin%20%28Field-Tested%29
316;176262843;https://steamcommunity.com/market/listings/730/CZ75-Auto%20%7C%20Syndicate%20%28Factory%20New%29
317;139654841;https://steamcommunity.com/market/listings/730/StatTrak%E2%84%A2%20FAMAS%20%7C%20Valence%20%28Minimal%20Wear%29
318;156140138;https://steamcommunity.com/market/listings/730/Glock-18%20%7C%20Wasteland%20Rebel%20%28Factory%20New%29
319;176262842;https://steamcommunity.com/market/listings/730/StatTrak%E2%84%A2%20FAMAS%20%7C%20ZX%20Spectron%20%28Minimal%20Wear%29
320;23853233;https://steamcommunity.com/market/listings/730/P250%20%7C%20Cartel%20%28Minimal%20Wear%29
321;176012451;https://steamcommunity.com/market/listings/730/MP7%20%7C%20Fade%20%28Minimal%20Wear%29
322;176097469;https://steamcommunity.com/market/listings/730/M249%20%7C%20Jungle%20%28Factory%20New%29
323;6821033;https://steamcommunity.com/market/listings/730/USP-S%20%7C%20Stainless%20%28Minimal%20Wear%29
324;176321267;https://steamcommunity.com/market/listings/730/StatTrak%E2%84%A2%20P90%20%7C%20Vent%20Rush%20%28Factory%20New%29
325;84444543;https://steamcommunity.com/market/listings/730/StatTrak%E2%84%A2%20Desert%20Eagle%20%7C%20Corinthian%20%28Factory%20New%29
326;175999966;https://steamcommunity.com/market/listings/730/M4A1-S%20%7C%20Nightmare%20%28Field-Tested%29
327;18529303;https://steamcommunity.com/market/listings/730/MAC-10%20%7C%20Nuclear%20Garden%20%28Field-Tested%29
328;176209251;https://steamcommunity.com/market/listings/730/SCAR-20%20%7C%20Magna%20Carta%20%28Factory%20New%29
329;1321400;https://steamcommunity.com/market/listings/730/UMP-45%20%7C%20Caramel%20%28Minimal%20Wear%29
330;29207447;https://steamcommunity.com/market/listings/730/StatTrak%E2%84%A2%20MP9%20%7C%20Deadly%20Poison%20%28Factory%20New%29
331;1546450;https://steamcommunity.com/market/listings/730/SG%20553%20%7C%20Wave%20Spray%20%28Minimal%20Wear%29
332;29205262;https://steamcommunity.com/market/listings/730/StatTrak%E2%84%A2%20Desert%20Eagle%20%7C%20Naga%20%28Field-Tested%29
333;1547864;https://steamcommunity.com/market/listings/730/StatTrak%E2%84%A2%20Dual%20Berettas%20%7C%20Black%20Limba%20%28Minimal%20Wear%29
334;176186000;https://steamcommunity.com/market/listings/730/StatTrak%E2%84%A2%20M4A4%20%7C%20Tooth%20Fairy%20%28Field-Tested%29
335;1321517;https://steamcommunity.com/market/listings/730/Sawed-Off%20%7C%20Orange%20DDPAT%20%28Field-Tested%29
336;149869018;https://steamcommunity.com/market/listings/730/StatTrak%E2%84%A2%20SSG%2008%20%7C%20Ghost%20Crusader%20%28Minimal%20Wear%29
337;175854360;https://steamcommunity.com/market/listings/730/StatTrak%E2%84%A2%20FAMAS%20%7C%20Mecha%20Industries%20%28Field-Tested%29
338;176262767;https://steamcommunity.com/market/listings/730/StatTrak%E2%84%A2%20MAC-10%20%7C%20Toybox%20%28Field-Tested%29
339;1321356;https://steamcommunity.com/market/listings/730/SG%20553%20%7C%20Tornado%20%28Field-Tested%29
340;176262603;https://steamcommunity.com/market/listings/730/MAC-10%20%7C%20Propaganda%20%28Field-Tested%29
341;176209567;https://steamcommunity.com/market/listings/730/Desert%20Eagle%20%7C%20Night%20Heist%20%28Factory%20New%29
342;23853257;https://steamcommunity.com/market/listings/730/StatTrak%E2%84%A2%20Glock-18%20%7C%20Grinder%20%28Minimal%20Wear%29
343;23853270;https://steamcommunity.com/market/listings/730/P250%20%7C%20Cartel%20%28Field-Tested%29
344;49399551;https://steamcommunity.com/market/listings/730/StatTrak%E2%84%A2%20P90%20%7C%20Elite%20Build%20%28Factory%20New%29
345;1547492;https://steamcommunity.com/market/listings/730/StatTrak%E2%84%A2%20G3SG1%20%7C%20Demeter%20%28Field-Tested%29
346;84454690;https://steamcommunity.com/market/listings/730/R8%20Revolver%20%7C%20Crimson%20Web%20%28Factory%20New%29
347;176042604;https://steamcommunity.com/market/listings/730/StatTrak%E2%84%A2%20AWP%20%7C%20Atheris%20%28Field-Tested%29
348;1544614;https://steamcommunity.com/market/listings/730/MAG-7%20%7C%20Hazard%20%28Field-Tested%29
349;29207446;https://steamcommunity.com/market/listings/730/StatTrak%E2%84%A2%20MAC-10%20%7C%20Malachite%20%28Minimal%20Wear%29
350;176012519;https://steamcommunity.com/market/listings/730/Dual%20Berettas%20%7C%20Twin%20Turbo%20%28Field-Tested%29
351;176118429;https://steamcommunity.com/market/listings/730/MAG-7%20%7C%20Justice%20%28Factory%20New%29
352;176209469;https://steamcommunity.com/market/listings/730/Nova%20%7C%20Clear%20Polymer%20%28Factory%20New%29
353;156117101;https://steamcommunity.com/market/listings/730/P2000%20%7C%20Imperial%20Dragon%20%28Minimal%20Wear%29
354;7178688;https://steamcommunity.com/market/listings/730/StatTrak%E2%84%A2%20USP-S%20%7C%20Guardian%20%28Minimal%20Wear%29
355;84454666;https://steamcommunity.com/market/listings/730/R8%20Revolver%20%7C%20Fade%20%28Minimal%20Wear%29
356;176358900;https://steamcommunity.com/market/listings/730/StatTrak%E2%84%A2%20P90%20%7C%20Neoqueen%20%28Factory%20New%29
357;67061055;https://steamcommunity.com/market/listings/730/StatTrak%E2%84%A2%20M249%20%7C%20Nebula%20Crusader%20%28Factory%20New%29
358;175966873;https://steamcommunity.com/market/listings/730/StatTrak%E2%84%A2%20AUG%20%7C%20Stymphalian%20%28Minimal%20Wear%29
359;14953229;https://steamcommunity.com/market/listings/730/XM1014%20%7C%20VariCamo%20Blue%20%28Minimal%20Wear%29
360;3442187;https://steamcommunity.com/market/listings/730/MP9%20%7C%20Rose%20Iron%20%28Factory%20New%29
361;7178634;https://steamcommunity.com/market/listings/730/USP-S%20%7C%20Guardian%20%28Factory%20New%29
362;176091902;https://steamcommunity.com/market/listings/730/StatTrak%E2%84%A2%20P90%20%7C%20Nostalgia%20%28Field-Tested%29
363;156140141;https://steamcommunity.com/market/listings/730/StatTrak%E2%84%A2%20P90%20%7C%20Chopper%20%28Factory%20New%29
364;175896281;https://steamcommunity.com/market/listings/730/USP-S%20%7C%20Blueprint%20%28Field-Tested%29
365;176262966;https://steamcommunity.com/market/listings/730/MP9%20%7C%20Music%20Box%20%28Minimal%20Wear%29
366;176118425;https://steamcommunity.com/market/listings/730/StatTrak%E2%84%A2%20SCAR-20%20%7C%20Enforcer%20%28Factory%20New%29
367;15490371;https://steamcommunity.com/market/listings/730/P2000%20%7C%20Corticera%20%28Minimal%20Wear%29
368;176209419;https://steamcommunity.com/market/listings/730/P2000%20%7C%20Dispatch%20%28Minimal%20Wear%29
369;176358870;https://steamcommunity.com/market/listings/730/StatTrak%E2%84%A2%20M4A1-S%20%7C%20Emphorosaur-S%20%28Field-Tested%29
370;49359099;https://steamcommunity.com/market/listings/730/SG%20553%20%7C%20Cyrex%20%28Field-Tested%29
371;176000034;https://steamcommunity.com/market/listings/730/StatTrak%E2%84%A2%20FAMAS%20%7C%20Eye%20of%20Athena%20%28Field-Tested%29
372;18532778;https://steamcommunity.com/market/listings/730/Tec-9%20%7C%20Toxic%20%28Minimal%20Wear%29
373;176209522;https://steamcommunity.com/market/listings/730/FAMAS%20%7C%20Dark%20Water%20%28Field-Tested%29
374;176096668;https://steamcommunity.com/market/listings/730/P250%20%7C%20Dark%20Filigree%20%28Minimal%20Wear%29
375;49359100;https://steamcommunity.com/market/listings/730/M4A4%20%7C%20Evil%20Daimyo%20%28Factory%20New%29
376;2386971;https://steamcommunity.com/market/listings/730/SG%20553%20%7C%20Gator%20Mesh%20%28Factory%20New%29
377;1321558;https://steamcommunity.com/market/listings/730/XM1014%20%7C%20Fallout%20Warning%20%28Minimal%20Wear%29
378;3443470;https://steamcommunity.com/market/listings/730/StatTrak%E2%84%A2%20Galil%20AR%20%7C%20Blue%20Titanium%20%28Factory%20New%29
379;49359063;https://steamcommunity.com/market/listings/730/SG%20553%20%7C%20Cyrex%20%28Minimal%20Wear%29
380;67061023;https://steamcommunity.com/market/listings/730/StatTrak%E2%84%A2%20Glock-18%20%7C%20Wraiths%20%28Factory%20New%29
381;175896319;https://steamcommunity.com/market/listings/730/StatTrak%E2%84%A2%20P90%20%7C%20Death%20Grip%20%28Field-Tested%29
382;156117110;https://steamcommunity.com/market/listings/730/Glock-18%20%7C%20Wasteland%20Rebel%20%28Minimal%20Wear%29
383;29207449;https://steamcommunity.com/market/listings/730/StatTrak%E2%84%A2%20Dual%20Berettas%20%7C%20Urban%20Shock%20%28Factory%20New%29
384;176209240;https://steamcommunity.com/market/listings/730/Galil%20AR%20%7C%20Dusk%20Ruins%20%28Field-Tested%29
385;1546372;https://steamcommunity.com/market/listings/730/StatTrak%E2%84%A2%20Nova%20%7C%20Tempest%20%28Minimal%20Wear%29
386;23853275;https://steamcommunity.com/market/listings/730/StatTrak%E2%84%A2%20XM1014%20%7C%20Tranquility%20%28Field-Tested%29
387;1321828;https://steamcommunity.com/market/listings/730/Tec-9%20%7C%20Brass%20%28Minimal%20Wear%29
388;49399546;https://steamcommunity.com/market/listings/730/StatTrak%E2%84%A2%20MP9%20%7C%20Ruby%20Poison%20Dart%20%28Factory%20New%29
389;176288642;https://steamcommunity.com/market/listings/730/StatTrak%E2%84%A2%20MP7%20%7C%20Abyssal%20Apparition%20%28Field-Tested%29
390;149882135;https://steamcommunity.com/market/listings/730/PP-Bizon%20%7C%20Judgement%20of%20Anubis%20%28Minimal%20Wear%29
391;84444539;https://steamcommunity.com/market/listings/730/P90%20%7C%20Shapewood%20%28Minimal%20Wear%29
392;29205276;https://steamcommunity.com/market/listings/730/AK-47%20%7C%20Cartel%20%28Field-Tested%29
393;176262810;https://steamcommunity.com/market/listings/730/MP5-SD%20%7C%20Autumn%20Twilly%20%28Factory%20New%29
394;175880313;https://steamcommunity.com/market/listings/730/StatTrak%E2%84%A2%20MAC-10%20%7C%20Last%20Dive%20%28Factory%20New%29
395;139654860;https://steamcommunity.com/market/listings/730/Glock-18%20%7C%20Royal%20Legion%20%28Factory%20New%29
396;15490374;https://steamcommunity.com/market/listings/730/StatTrak%E2%84%A2%20CZ75-Auto%20%7C%20Hexane%20%28Factory%20New%29
397;176209214;https://steamcommunity.com/market/listings/730/SSG%2008%20%7C%20Threat%20Detected%20%28Field-Tested%29
398;176185983;https://steamcommunity.com/market/listings/730/StatTrak%E2%84%A2%20Glock-18%20%7C%20Vogue%20%28Field-Tested%29
399;7178720;https://steamcommunity.com/market/listings/730/Nova%20%7C%20Antique%20%28Field-Tested%29
400;176288623;https://steamcommunity.com/market/listings/730/StatTrak%E2%84%A2%20M4A1-S%20%7C%20Night%20Terror%20%28Minimal%20Wear%29
401;1321468;https://steamcommunity.com/market/listings/730/M4A4%20%7C%20Tornado%20%28Minimal%20Wear%29
402;176089342;https://steamcommunity.com/market/listings/730/StatTrak%E2%84%A2%20P250%20%7C%20X-Ray%20%28Factory%20New%29
403;14946479;https://steamcommunity.com/market/listings/730/Nova%20%7C%20Green%20Apple%20%28Field-Tested%29
404;3440926;https://steamcommunity.com/market/listings/730/MP9%20%7C%20Rose%20Iron%20%28Field-Tested%29
405;1546634;https://steamcommunity.com/market/listings/730/G3SG1%20%7C%20Demeter%20%28Minimal%20Wear%29
406;156140146;https://steamcommunity.com/market/listings/730/StatTrak%E2%84%A2%20SCAR-20%20%7C%20Bloodsport%20%28Minimal%20Wear%29
407;49419438;https://steamcommunity.com/market/listings/730/USP-S%20%7C%20Para%20Green%20%28Field-Tested%29
408;18532773;https://steamcommunity.com/market/listings/730/Glock-18%20%7C%20Reactor%20%28Minimal%20Wear%29
409;175854357;https://steamcommunity.com/market/listings/730/StatTrak%E2%84%A2%20P2000%20%7C%20Turf%20%28Factory%20New%29
410;3442208;https://steamcommunity.com/market/listings/730/FAMAS%20%7C%20Pulse%20%28Minimal%20Wear%29
411;3442147;https://steamcommunity.com/market/listings/730/StatTrak%E2%84%A2%20P250%20%7C%20Steel%20Disruption%20%28Factory%20New%29
412;2383844;https://steamcommunity.com/market/listings/730/MP7%20%7C%20Orange%20Peel%20%28Field-Tested%29
413;23853260;https://steamcommunity.com/market/listings/730/XM1014%20%7C%20Tranquility%20%28Minimal%20Wear%29
414;175917263;https://steamcommunity.com/market/listings/730/PP-Bizon%20%7C%20High%20Roller%20%28Minimal%20Wear%29
415;14953198;https://steamcommunity.com/market/listings/730/P90%20%7C%20Leather%20%28Field-Tested%29
416;139654846;https://steamcommunity.com/market/listings/730/M4A4%20%7C%20The%20Battlestar%20%28Field-Tested%29
417;40094826;https://steamcommunity.com/market/listings/730/StatTrak%E2%84%A2%20MAG-7%20%7C%20Heat%20%28Factory%20New%29
418;1321393;https://steamcommunity.com/market/listings/730/StatTrak%E2%84%A2%20MAG-7%20%7C%20Memento%20%28Factory%20New%29
419;1321445;https://steamcommunity.com/market/listings/730/P90%20%7C%20Fallout%20Warning%20%28Field-Tested%29
420;156113522;https://steamcommunity.com/market/listings/730/StatTrak%E2%84%A2%20AWP%20%7C%20Phobos%20%28Field-Tested%29
421;176262626;https://steamcommunity.com/market/listings/730/SG%20553%20%7C%20Desert%20Blossom%20%28Minimal%20Wear%29
422;1321579;https://steamcommunity.com/market/listings/730/XM1014%20%7C%20Fallout%20Warning%20%28Field-Tested%29
423;3448383;https://steamcommunity.com/market/listings/730/StatTrak%E2%84%A2%20MP9%20%7C%20Rose%20Iron%20%28Field-Tested%29
424;40092026;https://steamcommunity.com/market/listings/730/Galil%20AR%20%7C%20Eco%20%28Field-Tested%29
425;176096588;https://steamcommunity.com/market/listings/730/AK-47%20%7C%20Baroque%20Purple%20%28Field-Tested%29
426;3440896;https://steamcommunity.com/market/listings/730/AK-47%20%7C%20Blue%20Laminate%20%28Field-Tested%29
427;176262587;https://steamcommunity.com/market/listings/730/FAMAS%20%7C%20Meltdown%20%28Field-Tested%29
428;176042557;https://steamcommunity.com/market/listings/730/Five-SeveN%20%7C%20Angry%20Mob%20%28Minimal%20Wear%29
429;23853263;https://steamcommunity.com/market/listings/730/M4A4%20%7C%20Griffin%20%28Factory%20New%29
430;18532763;https://steamcommunity.com/market/listings/730/MAC-10%20%7C%20Nuclear%20Garden%20%28Minimal%20Wear%29
431;2384508;https://steamcommunity.com/market/listings/730/Negev%20%7C%20CaliCamo%20%28Factory%20New%29
432;2392466;https://steamcommunity.com/market/listings/730/M4A1-S%20%7C%20Nitro%20%28Factory%20New%29
433;2383901;https://steamcommunity.com/market/listings/730/Glock-18%20%7C%20Groundwater%20%28Field-Tested%29
434;175999984;https://steamcommunity.com/market/listings/730/StatTrak%E2%84%A2%20G3SG1%20%7C%20High%20Seas%20%28Factory%20New%29
435;176209581;https://steamcommunity.com/market/listings/730/Tec-9%20%7C%20Blast%20From%20the%20Past%20%28Factory%20New%29
436;176358781;https://steamcommunity.com/market/listings/730/R8%20Revolver%20%7C%20Banana%20Cannon%20%28Factory%20New%29
437;175896396;https://steamcommunity.com/market/listings/730/P90%20%7C%20Death%20Grip%20%28Factory%20New%29
438;6821549;https://steamcommunity.com/market/listings/730/StatTrak%E2%84%A2%20Tec-9%20%7C%20Titanium%20Bit%20%28Minimal%20Wear%29
439;15496358;https://steamcommunity.com/market/listings/730/StatTrak%E2%84%A2%20P2000%20%7C%20Corticera%20%28Field-Tested%29
440;175999945;https://steamcommunity.com/market/listings/730/AWP%20%7C%20PAW%20%28Factory%20New%29
441;3442138;https://steamcommunity.com/market/listings/730/FAMAS%20%7C%20Pulse%20%28Field-Tested%29
442;14962960;https://steamcommunity.com/market/listings/730/Desert%20Eagle%20%7C%20Conspiracy%20%28Factory%20New%29
443;176262790;https://steamcommunity.com/market/listings/730/SG%20553%20%7C%20Desert%20Blossom%20%28Field-Tested%29
444;1321564;https://steamcommunity.com/market/listings/730/SG%20553%20%7C%20Tornado%20%28Minimal%20Wear%29
445;176096511;https://steamcommunity.com/market/listings/730/SG%20553%20%7C%20Colony%20IV%20%28Field-Tested%29
446;149869031;https://steamcommunity.com/market/listings/730/UMP-45%20%7C%20Primal%20Saber%20%28Minimal%20Wear%29
447;14953139;https://steamcommunity.com/market/listings/730/XM1014%20%7C%20VariCamo%20Blue%20%28Field-Tested%29
448;23853297;https://steamcommunity.com/market/listings/730/StatTrak%E2%84%A2%20SCAR-20%20%7C%20Cardiac%20%28Field-Tested%29
449;176263101;https://steamcommunity.com/market/listings/730/Nova%20%7C%20Interlock%20%28Minimal%20Wear%29
450;1321728;https://steamcommunity.com/market/listings/730/P90%20%7C%20Glacier%20Mesh%20%28Minimal%20Wear%29
451;175917374;https://steamcommunity.com/market/listings/730/StatTrak%E2%84%A2%20PP-Bizon%20%7C%20High%20Roller%20%28Field-Tested%29
452;176024752;https://steamcommunity.com/market/listings/730/UMP-45%20%7C%20Momentum%20%28Factory%20New%29
453;1546639;https://steamcommunity.com/market/listings/730/StatTrak%E2%84%A2%20UMP-45%20%7C%20Bone%20Pile%20%28Field-Tested%29
454;176091917;https://steamcommunity.com/market/listings/730/StatTrak%E2%84%A2%20MP9%20%7C%20Hydra%20%28Field-Tested%29
455;176096494;https://steamcommunity.com/market/listings/730/AK-47%20%7C%20Rat%20Rod%20%28Minimal%20Wear%29
456;176241072;https://steamcommunity.com/market/listings/730/StatTrak%E2%84%A2%20Galil%20AR%20%7C%20Chromatic%20Aberration%20%28Minimal%20Wear%29
457;176209434;https://steamcommunity.com/market/listings/730/P90%20%7C%20Tiger%20Pit%20%28Minimal%20Wear%29
458;2383911;https://steamcommunity.com/market/listings/730/SSG%2008%20%7C%20Tropical%20Storm%20%28Field-Tested%29
459;2384461;https://steamcommunity.com/market/listings/730/MAC-10%20%7C%20Amber%20Fade%20%28Field-Tested%29
460;176118413;https://steamcommunity.com/market/listings/730/StatTrak%E2%84%A2%20MAC-10%20%7C%20Disco%20Tech%20%28Field-Tested%29
461;6821576;https://steamcommunity.com/market/listings/730/Five-SeveN%20%7C%20Copper%20Galaxy%20%28Field-Tested%29
462;1917304;https://steamcommunity.com/market/listings/730/StatTrak%E2%84%A2%20Tec-9%20%7C%20Blue%20Titanium%20%28Factory%20New%29
463;176012489;https://steamcommunity.com/market/listings/730/AK-47%20%7C%20Safety%20Net%20%28Field-Tested%29
464;14216342;https://steamcommunity.com/market/listings/730/StatTrak%E2%84%A2%20MAC-10%20%7C%20Tatter%20%28Field-Tested%29
465;176321283;https://steamcommunity.com/market/listings/730/StatTrak%E2%84%A2%20SG%20553%20%7C%20Dragon%20Tech%20%28Factory%20New%29
466;176096613;https://steamcommunity.com/market/listings/730/SG%20553%20%7C%20Candy%20Apple%20%28Minimal%20Wear%29
467;175966868;https://steamcommunity.com/market/listings/730/StatTrak%E2%84%A2%20AWP%20%7C%20Mortis%20%28Minimal%20Wear%29
468;1546588;https://steamcommunity.com/market/listings/730/Dual%20Berettas%20%7C%20Black%20Limba%20%28Minimal%20Wear%29
469;176091861;https://steamcommunity.com/market/listings/730/AUG%20%7C%20Death%20by%20Puppy%20%28Minimal%20Wear%29
470;176096432;https://steamcommunity.com/market/listings/730/Tec-9%20%7C%20Decimator%20%28Field-Tested%29
471;8989555;https://steamcommunity.com/market/listings/730/AK-47%20%7C%20Emerald%20Pinstripe%20%28Field-Tested%29
472;176358804;https://steamcommunity.com/market/listings/730/Glock-18%20%7C%20Umbral%20Rabbit%20%28Factory%20New%29
473;176262732;https://steamcommunity.com/market/listings/730/SG%20553%20%7C%20Desert%20Blossom%20%28Factory%20New%29
474;165027697;https://steamcommunity.com/market/listings/730/Tec-9%20%7C%20Fuel%20Injector%20%28Minimal%20Wear%29
475;176096770;https://steamcommunity.com/market/listings/730/Tec-9%20%7C%20Rust%20Leaf%20%28Field-Tested%29
476;176209443;https://steamcommunity.com/market/listings/730/Dual%20Berettas%20%7C%20Dezastre%20%28Factory%20New%29
477;175999996;https://steamcommunity.com/market/listings/730/StatTrak%E2%84%A2%20AWP%20%7C%20PAW%20%28Minimal%20Wear%29
478;67061006;https://steamcommunity.com/market/listings/730/SSG%2008%20%7C%20Big%20Iron%20%28Minimal%20Wear%29
479;84448582;https://steamcommunity.com/market/listings/730/StatTrak%E2%84%A2%20XM1014%20%7C%20Teclu%20Burner%20%28Factory%20New%29
480;49365700;https://steamcommunity.com/market/listings/730/StatTrak%E2%84%A2%20Glock-18%20%7C%20Bunsen%20Burner%20%28Factory%20New%29
481;1546641;https://steamcommunity.com/market/listings/730/Nova%20%7C%20Tempest%20%28Field-Tested%29
482;176096489;https://steamcommunity.com/market/listings/730/XM1014%20%7C%20Banana%20Leaf%20%28Field-Tested%29
483;49359104;https://steamcommunity.com/market/listings/730/Galil%20AR%20%7C%20Rocket%20Pop%20%28Factory%20New%29
484;176209221;https://steamcommunity.com/market/listings/730/M4A4%20%7C%20Global%20Offensive%20%28Field-Tested%29
485;14953151;https://steamcommunity.com/market/listings/730/P90%20%7C%20Leather%20%28Minimal%20Wear%29
486;14953217;https://steamcommunity.com/market/listings/730/SG%20553%20%7C%20Traveler%20%28Minimal%20Wear%29
487;23853249;https://steamcommunity.com/market/listings/730/M4A1-S%20%7C%20Basilisk%20%28Factory%20New%29
488;1544465;https://steamcommunity.com/market/listings/730/Five-SeveN%20%7C%20Anodized%20Gunmetal%20%28Factory%20New%29
489;176209451;https://steamcommunity.com/market/listings/730/Galil%20AR%20%7C%20Dusk%20Ruins%20%28Factory%20New%29
490;84465417;https://steamcommunity.com/market/listings/730/StatTrak%E2%84%A2%20Five-SeveN%20%7C%20Retrobution%20%28Factory%20New%29
491;1546371;https://steamcommunity.com/market/listings/730/UMP-45%20%7C%20Bone%20Pile%20%28Minimal%20Wear%29
492;6821044;https://steamcommunity.com/market/listings/730/Tec-9%20%7C%20Titanium%20Bit%20%28Field-Tested%29
493;176209365;https://steamcommunity.com/market/listings/730/SCAR-20%20%7C%20Magna%20Carta%20%28Minimal%20Wear%29
494;40092040;https://steamcommunity.com/market/listings/730/StatTrak%E2%84%A2%20AK-47%20%7C%20Elite%20Build%20%28Field-Tested%29
495;176209462;https://steamcommunity.com/market/listings/730/Tec-9%20%7C%20Blast%20From%20the%20Past%20%28Field-Tested%29
496;176096988;https://steamcommunity.com/market/listings/730/MP7%20%7C%20Neon%20Ply%20%28Factory%20New%29
497;7178699;https://steamcommunity.com/market/listings/730/StatTrak%E2%84%A2%20AUG%20%7C%20Chameleon%20%28Field-Tested%29
498;18532767;https://steamcommunity.com/market/listings/730/PP-Bizon%20%7C%20Chemical%20Green%20%28Factory%20New%29
499;49419409;https://steamcommunity.com/market/listings/730/Desert%20Eagle%20%7C%20Night%20%28Field-Tested%29
500;175966902;https://steamcommunity.com/market/listings/730/StatTrak%E2%84%A2%20AWP%20%7C%20Mortis%20%28Field-Tested%29
501;6821588;https://steamcommunity.com/market/listings/730/CZ75-Auto%20%7C%20Victoria%20%28Field-Tested%29
502;139673199;https://steamcommunity.com/market/listings/730/M4A4%20%7C%20The%20Battlestar%20%28Minimal%20Wear%29
503;176263084;https://steamcommunity.com/market/listings/730/P90%20%7C%20Schematic%20%28Field-Tested%29
504;7181825;https://steamcommunity.com/market/listings/730/StatTrak%E2%84%A2%20MAC-10%20%7C%20Heat%20%28Minimal%20Wear%29
505;2383730;https://steamcommunity.com/market/listings/730/SG%20553%20%7C%20Gator%20Mesh%20%28Field-Tested%29
506;3443460;https://steamcommunity.com/market/listings/730/StatTrak%E2%84%A2%20P90%20%7C%20Blind%20Spot%20%28Field-Tested%29
507;176097572;https://steamcommunity.com/market/listings/730/Tec-9%20%7C%20Orange%20Murano%20%28Factory%20New%29
508;176185916;https://steamcommunity.com/market/listings/730/Glock-18%20%7C%20Vogue%20%28Minimal%20Wear%29
509;176096846;https://steamcommunity.com/market/listings/730/P90%20%7C%20Sunset%20Lily%20%28Field-Tested%29
510;165036834;https://steamcommunity.com/market/listings/730/StatTrak%E2%84%A2%20Desert%20Eagle%20%7C%20Directive%20%28Minimal%20Wear%29
511;176262828;https://steamcommunity.com/market/listings/730/G3SG1%20%7C%20New%20Roots%20%28Field-Tested%29
512;176262686;https://steamcommunity.com/market/listings/730/USP-S%20%7C%20Purple%20DDPAT%20%28Field-Tested%29
513;176209575;https://steamcommunity.com/market/listings/730/Tec-9%20%7C%20Blast%20From%20the%20Past%20%28Minimal%20Wear%29
514;176262957;https://steamcommunity.com/market/listings/730/MP9%20%7C%20Music%20Box%20%28Factory%20New%29
515;176262819;https://steamcommunity.com/market/listings/730/StatTrak%E2%84%A2%20USP-S%20%7C%20Black%20Lotus%20%28Minimal%20Wear%29
516;3442264;https://steamcommunity.com/market/listings/730/StatTrak%E2%84%A2%20FAMAS%20%7C%20Pulse%20%28Field-Tested%29
517;176358895;https://steamcommunity.com/market/listings/730/StatTrak%E2%84%A2%20P90%20%7C%20Neoqueen%20%28Minimal%20Wear%29
518;175854344;https://steamcommunity.com/market/listings/730/M4A4%20%7C%20Buzz%20Kill%20%28Field-Tested%29
519;49359108;https://steamcommunity.com/market/listings/730/StatTrak%E2%84%A2%20M4A4%20%7C%20Evil%20Daimyo%20%28Field-Tested%29
520;149869079;https://steamcommunity.com/market/listings/730/UMP-45%20%7C%20Primal%20Saber%20%28Factory%20New%29
521;18532764;https://steamcommunity.com/market/listings/730/MP9%20%7C%20Setting%20Sun%20%28Factory%20New%29
522;84444554;https://steamcommunity.com/market/listings/730/P90%20%7C%20Shapewood%20%28Factory%20New%29
523;15492616;https://steamcommunity.com/market/listings/730/Nova%20%7C%20Bloomstick%20%28Field-Tested%29
524;176000006;https://steamcommunity.com/market/listings/730/FAMAS%20%7C%20Eye%20of%20Athena%20%28Minimal%20Wear%29
525;176262569;https://steamcommunity.com/market/listings/730/USP-S%20%7C%20Whiteout%20%28Field-Tested%29
526;1546717;https://steamcommunity.com/market/listings/730/StatTrak%E2%84%A2%20Dual%20Berettas%20%7C%20Black%20Limba%20%28Field-Tested%29
527;14953214;https://steamcommunity.com/market/listings/730/UMP-45%20%7C%20Indigo%20%28Factory%20New%29
528;1321480;https://steamcommunity.com/market/listings/730/P250%20%7C%20Modern%20Hunter%20%28Field-Tested%29
529;6821573;https://steamcommunity.com/market/listings/730/Desert%20Eagle%20%7C%20Heirloom%20%28Minimal%20Wear%29
530;176321324;https://steamcommunity.com/market/listings/730/StatTrak%E2%84%A2%20P250%20%7C%20Visions%20%28Field-Tested%29
531;156117091;https://steamcommunity.com/market/listings/730/M4A4%20%7C%20Desolate%20Space%20%28Field-Tested%29
532;8989604;https://steamcommunity.com/market/listings/730/StatTrak%E2%84%A2%20PP-Bizon%20%7C%20Antique%20%28Field-Tested%29
533;14953155;https://steamcommunity.com/market/listings/730/USP-S%20%7C%20Royal%20Blue%20%28Minimal%20Wear%29
534;176096662;https://steamcommunity.com/market/listings/730/Tec-9%20%7C%20Rust%20Leaf%20%28Minimal%20Wear%29
535;176096549;https://steamcommunity.com/market/listings/730/P250%20%7C%20Dark%20Filigree%20%28Factory%20New%29
536;175917404;https://steamcommunity.com/market/listings/730/StatTrak%E2%84%A2%20R8%20Revolver%20%7C%20Llama%20Cannon%20%28Field-Tested%29
537;3440937;https://steamcommunity.com/market/listings/730/P90%20%7C%20Blind%20Spot%20%28Field-Tested%29
538;149869081;https://steamcommunity.com/market/listings/730/PP-Bizon%20%7C%20Judgement%20of%20Anubis%20%28Field-Tested%29
539;8988662;https://steamcommunity.com/market/listings/730/CZ75-Auto%20%7C%20Poison%20Dart%20%28Factory%20New%29
540;1546373;https://steamcommunity.com/market/listings/730/StatTrak%E2%84%A2%20Galil%20AR%20%7C%20Shattered%20%28Field-Tested%29
541;176263147;https://steamcommunity.com/market/listings/730/Negev%20%7C%20Infrastructure%20%28Field-Tested%29
542;165036844;https://steamcommunity.com/market/listings/730/AUG%20%7C%20Syd%20Mead%20%28Factory%20New%29
543;1918257;https://steamcommunity.com/market/listings/730/StatTrak%E2%84%A2%20M4A1-S%20%7C%20Blood%20Tiger%20%28Minimal%20Wear%29
544;176096395;https://steamcommunity.com/market/listings/730/PP-Bizon%20%7C%20Embargo%20%28Factory%20New%29
545;49419364;https://steamcommunity.com/market/listings/730/M249%20%7C%20Shipping%20Forecast%20%28Field-Tested%29
546;7180974;https://steamcommunity.com/market/listings/730/StatTrak%E2%84%A2%20FAMAS%20%7C%20Sergeant%20%28Minimal%20Wear%29
547;176186176;https://steamcommunity.com/market/listings/730/StatTrak%E2%84%A2%20MAG-7%20%7C%20Monster%20Call%20%28Factory%20New%29
548;1321611;https://steamcommunity.com/market/listings/730/MAG-7%20%7C%20Sand%20Dune%20%28Factory%20New%29
549;176024824;https://steamcommunity.com/market/listings/730/Desert%20Eagle%20%7C%20Mecha%20Industries%20%28Minimal%20Wear%29
550;176321242;https://steamcommunity.com/market/listings/730/Sawed-Off%20%7C%20Kiss%E2%99%A5Love%20%28Minimal%20Wear%29
551;23853238;https://steamcommunity.com/market/listings/730/M4A1-S%20%7C%20Basilisk%20%28Minimal%20Wear%29
552;176024793;https://steamcommunity.com/market/listings/730/UMP-45%20%7C%20Momentum%20%28Minimal%20Wear%29
553;1918036;https://steamcommunity.com/market/listings/730/Five-SeveN%20%7C%20Case%20Hardened%20%28Field-Tested%29
554;49430989;https://steamcommunity.com/market/listings/730/Galil%20AR%20%7C%20Urban%20Rubble%20%28Minimal%20Wear%29
555;156151896;https://steamcommunity.com/market/listings/730/StatTrak%E2%84%A2%20SCAR-20%20%7C%20Bloodsport%20%28Field-Tested%29
556;14962961;https://steamcommunity.com/market/listings/730/Desert%20Eagle%20%7C%20Conspiracy%20%28Minimal%20Wear%29
557;176288518;https://steamcommunity.com/market/listings/730/StatTrak%E2%84%A2%20MP7%20%7C%20Abyssal%20Apparition%20%28Minimal%20Wear%29
558;176321281;https://steamcommunity.com/market/listings/730/Sawed-Off%20%7C%20Kiss%E2%99%A5Love%20%28Field-Tested%29
559;176209539;https://steamcommunity.com/market/listings/730/Negev%20%7C%20Phoenix%20Stencil%20%28Minimal%20Wear%29
560;14216334;https://steamcommunity.com/market/listings/730/M4A4%20%7C%20Desert-Strike%20%28Minimal%20Wear%29
561;176209298;https://steamcommunity.com/market/listings/730/AWP%20%7C%20Exoskeleton%20%28Minimal%20Wear%29
562;176209305;https://steamcommunity.com/market/listings/730/M4A4%20%7C%20Global%20Offensive%20%28Minimal%20Wear%29
563;8988586;https://steamcommunity.com/market/listings/730/MAC-10%20%7C%20Curse%20%28Factory%20New%29
564;176118387;https://steamcommunity.com/market/listings/730/MAG-7%20%7C%20Justice%20%28Minimal%20Wear%29
565;14212934;https://steamcommunity.com/market/listings/730/MAC-10%20%7C%20Tatter%20%28Field-Tested%29
566;176288544;https://steamcommunity.com/market/listings/730/MP7%20%7C%20Abyssal%20Apparition%20%28Minimal%20Wear%29
567;8987893;https://steamcommunity.com/market/listings/730/PP-Bizon%20%7C%20Antique%20%28Field-Tested%29
568;176263059;https://steamcommunity.com/market/listings/730/P90%20%7C%20Schematic%20%28Factory%20New%29
569;176262741;https://steamcommunity.com/market/listings/730/USP-S%20%7C%20Purple%20DDPAT%20%28Minimal%20Wear%29
570;176012567;https://steamcommunity.com/market/listings/730/Dual%20Berettas%20%7C%20Twin%20Turbo%20%28Minimal%20Wear%29
571;176096456;https://steamcommunity.com/market/listings/730/SSG%2008%20%7C%20Bloodshot%20%28Field-Tested%29
572;175966822;https://steamcommunity.com/market/listings/730/AWP%20%7C%20Mortis%20%28Factory%20New%29
573;139654857;https://steamcommunity.com/market/listings/730/StatTrak%E2%84%A2%20MP7%20%7C%20Impire%20%28Factory%20New%29
574;14953180;https://steamcommunity.com/market/listings/730/Sawed-Off%20%7C%20Rust%20Coat%20%28Minimal%20Wear%29
575;175896323;https://steamcommunity.com/market/listings/730/SSG%2008%20%7C%20Death%27s%20Head%20%28Minimal%20Wear%29
576;176118358;https://steamcommunity.com/market/listings/730/AK-47%20%7C%20Phantom%20Disruptor%20%28Field-Tested%29
577;49419348;https://steamcommunity.com/market/listings/730/Tec-9%20%7C%20Bamboo%20Forest%20%28Factory%20New%29
578;1918251;https://steamcommunity.com/market/listings/730/StatTrak%E2%84%A2%20P250%20%7C%20Hive%20%28Factory%20New%29
579;23853287;https://steamcommunity.com/market/listings/730/P2000%20%7C%20Fire%20Elemental%20%28Field-Tested%29
580;49419404;https://steamcommunity.com/market/listings/730/Galil%20AR%20%7C%20Urban%20Rubble%20%28Field-Tested%29
581;14963005;https://steamcommunity.com/market/listings/730/Desert%20Eagle%20%7C%20Conspiracy%20%28Field-Tested%29
582;3442160;https://steamcommunity.com/market/listings/730/FAMAS%20%7C%20Pulse%20%28Factory%20New%29
583;2383858;https://steamcommunity.com/market/listings/730/SSG%2008%20%7C%20Tropical%20Storm%20%28Minimal%20Wear%29
584;149898779;https://steamcommunity.com/market/listings/730/StatTrak%E2%84%A2%20Galil%20AR%20%7C%20Firefight%20%28Factory%20New%29
585;1546548;https://steamcommunity.com/market/listings/730/Galil%20AR%20%7C%20Shattered%20%28Minimal%20Wear%29
586;3441225;https://steamcommunity.com/market/listings/730/AK-47%20%7C%20Blue%20Laminate%20%28Minimal%20Wear%29
587;40092000;https://steamcommunity.com/market/listings/730/StatTrak%E2%84%A2%20AWP%20%7C%20Worm%20God%20%28Factory%20New%29
588;176262712;https://steamcommunity.com/market/listings/730/P2000%20%7C%20Space%20Race%20%28Factory%20New%29
589;1321834;https://steamcommunity.com/market/listings/730/MP7%20%7C%20Whiteout%20%28Field-Tested%29
590;1544060;https://steamcommunity.com/market/listings/730/P2000%20%7C%20Grassland%20Leaves%20%28Field-Tested%29
591;176288536;https://steamcommunity.com/market/listings/730/Dual%20Berettas%20%7C%20Melondrama%20%28Minimal%20Wear%29
592;15501383;https://steamcommunity.com/market/listings/730/StatTrak%E2%84%A2%20AUG%20%7C%20Bengal%20Tiger%20%28Field-Tested%29
593;175917346;https://steamcommunity.com/market/listings/730/StatTrak%E2%84%A2%20M4A1-S%20%7C%20Leaded%20Glass%20%28Field-Tested%29
594;165031016;https://steamcommunity.com/market/listings/730/StatTrak%E2%84%A2%20AUG%20%7C%20Syd%20Mead%20%28Minimal%20Wear%29
595;176024896;https://steamcommunity.com/market/listings/730/StatTrak%E2%84%A2%20UMP-45%20%7C%20Momentum%20%28Field-Tested%29
596;176096640;https://steamcommunity.com/market/listings/730/M4A4%20%7C%20Dark%20Blossom%20%28Field-Tested%29
597;49419452;https://steamcommunity.com/market/listings/730/P2000%20%7C%20Pathfinder%20%28Field-Tested%29
598;176209566;https://steamcommunity.com/market/listings/730/P90%20%7C%20Tiger%20Pit%20%28Factory%20New%29
599;6827309;https://steamcommunity.com/market/listings/730/StatTrak%E2%84%A2%20Tec-9%20%7C%20Titanium%20Bit%20%28Field-Tested%29
600;3442260;https://steamcommunity.com/market/listings/730/Dual%20Berettas%20%7C%20Marina%20%28Minimal%20Wear%29
601;175880275;https://steamcommunity.com/market/listings/730/CZ75-Auto%20%7C%20Xiangliu%20%28Field-Tested%29
602;14946480;https://steamcommunity.com/market/listings/730/Sawed-Off%20%7C%20Rust%20Coat%20%28Field-Tested%29
603;175896300;https://steamcommunity.com/market/listings/730/P250%20%7C%20Red%20Rock%20%28Factory%20New%29
604;176262723;https://steamcommunity.com/market/listings/730/AWP%20%7C%20POP%20AWP%20%28Factory%20New%29
605;175880403;https://steamcommunity.com/market/listings/730/StatTrak%E2%84%A2%20XM1014%20%7C%20Seasons%20%28Factory%20New%29
606;176091853;https://steamcommunity.com/market/listings/730/P90%20%7C%20Nostalgia%20%28Field-Tested%29
607;176042531;https://steamcommunity.com/market/listings/730/StatTrak%E2%84%A2%20Desert%20Eagle%20%7C%20Light%20Rail%20%28Minimal%20Wear%29
608;6821552;https://steamcommunity.com/market/listings/730/Tec-9%20%7C%20Titanium%20Bit%20%28Minimal%20Wear%29
609;176012668;https://steamcommunity.com/market/listings/730/Tec-9%20%7C%20Remote%20Control%20%28Minimal%20Wear%29
610;1546354;https://steamcommunity.com/market/listings/730/UMP-45%20%7C%20Bone%20Pile%20%28Field-Tested%29
611;176091845;https://steamcommunity.com/market/listings/730/MP9%20%7C%20Hydra%20%28Field-Tested%29
612;3443563;https://steamcommunity.com/market/listings/730/Sawed-Off%20%7C%20The%20Kraken%20%28Field-Tested%29
613;176012513;https://steamcommunity.com/market/listings/730/Glock-18%20%7C%20Nuclear%20Garden%20%28Field-Tested%29
614;6821048;https://steamcommunity.com/market/listings/730/StatTrak%E2%84%A2%20Dual%20Berettas%20%7C%20Panther%20%28Factory%20New%29
615;175917297;https://steamcommunity.com/market/listings/730/M4A1-S%20%7C%20Leaded%20Glass%20%28Field-Tested%29
616;176241022;https://steamcommunity.com/market/listings/730/AK-47%20%7C%20Slate%20%28Minimal%20Wear%29
617;176262974;https://steamcommunity.com/market/listings/730/Galil%20AR%20%7C%20Amber%20Fade%20%28Factory%20New%29
618;49359044;https://steamcommunity.com/market/listings/730/MP7%20%7C%20Nemesis%20%28Field-Tested%29
619;176262935;https://steamcommunity.com/market/listings/730/G3SG1%20%7C%20New%20Roots%20%28Minimal%20Wear%29
620;7178892;https://steamcommunity.com/market/listings/730/MAC-10%20%7C%20Heat%20%28Factory%20New%29
621;176024818;https://steamcommunity.com/market/listings/730/MP5-SD%20%7C%20Phosphor%20%28Minimal%20Wear%29
622;1321723;https://steamcommunity.com/market/listings/730/P2000%20%7C%20Scorpion%20%28Factory%20New%29
623;49419463;https://steamcommunity.com/market/listings/730/PP-Bizon%20%7C%20Bamboo%20Print%20%28Factory%20New%29
624;49359092;https://steamcommunity.com/market/listings/730/MP7%20%7C%20Nemesis%20%28Minimal%20Wear%29
625;176024745;https://steamcommunity.com/market/listings/730/StatTrak%E2%84%A2%20MP5-SD%20%7C%20Phosphor%20%28Field-Tested%29
626;176096537;https://steamcommunity.com/market/listings/730/XM1014%20%7C%20Banana%20Leaf%20%28Minimal%20Wear%29
627;176321253;https://steamcommunity.com/market/listings/730/StatTrak%E2%84%A2%20M249%20%7C%20Downtown%20%28Factory%20New%29
628;14966474;https://steamcommunity.com/market/listings/730/Five-SeveN%20%7C%20Fowl%20Play%20%28Factory%20New%29
629;175896338;https://steamcommunity.com/market/listings/730/M4A1-S%20%7C%20Briefing%20%28Factory%20New%29
630;40092054;https://steamcommunity.com/market/listings/730/StatTrak%E2%84%A2%20AK-47%20%7C%20Elite%20Build%20%28Minimal%20Wear%29
631;1546407;https://steamcommunity.com/market/listings/730/Nova%20%7C%20Tempest%20%28Minimal%20Wear%29
632;176358779;https://steamcommunity.com/market/listings/730/M4A1-S%20%7C%20Emphorosaur-S%20%28Minimal%20Wear%29
633;6821569;https://steamcommunity.com/market/listings/730/Desert%20Eagle%20%7C%20Heirloom%20%28Field-Tested%29
634;1919027;https://steamcommunity.com/market/listings/730/StatTrak%E2%84%A2%20FAMAS%20%7C%20Hexane%20%28Factory%20New%29
635;175966802;https://steamcommunity.com/market/listings/730/M4A4%20%7C%20Neo-Noir%20%28Field-Tested%29
636;176358942;https://steamcommunity.com/market/listings/730/StatTrak%E2%84%A2%20MP5-SD%20%7C%20Liquidation%20%28Factory%20New%29
637;6821553;https://steamcommunity.com/market/listings/730/CZ75-Auto%20%7C%20Tread%20Plate%20%28Minimal%20Wear%29
638;49419437;https://steamcommunity.com/market/listings/730/USP-S%20%7C%20Para%20Green%20%28Minimal%20Wear%29
639;1546480;https://steamcommunity.com/market/listings/730/StatTrak%E2%84%A2%20SG%20553%20%7C%20Wave%20Spray%20%28Field-Tested%29
640;176288541;https://steamcommunity.com/market/listings/730/FAMAS%20%7C%20Rapid%20Eye%20Movement%20%28Minimal%20Wear%29
641;1321324;https://steamcommunity.com/market/listings/730/UMP-45%20%7C%20Caramel%20%28Field-Tested%29
642;175966790;https://steamcommunity.com/market/listings/730/USP-S%20%7C%20Cortex%20%28Factory%20New%29
643;176012460;https://steamcommunity.com/market/listings/730/AUG%20%7C%20Random%20Access%20%28Factory%20New%29
644;176096510;https://steamcommunity.com/market/listings/730/P90%20%7C%20Sunset%20Lily%20%28Minimal%20Wear%29
645;1321612;https://steamcommunity.com/market/listings/730/XM1014%20%7C%20Blaze%20Orange%20%28Field-Tested%29
646;175880423;https://steamcommunity.com/market/listings/730/StatTrak%E2%84%A2%20M249%20%7C%20Emerald%20Poison%20Dart%20%28Factory%20New%29
647;40094817;https://steamcommunity.com/market/listings/730/FAMAS%20%7C%20Djinn%20%28Factory%20New%29
648;176118352;https://steamcommunity.com/market/listings/730/MAC-10%20%7C%20Disco%20Tech%20%28Minimal%20Wear%29
649;176358865;https://steamcommunity.com/market/listings/730/P90%20%7C%20Neoqueen%20%28Factory%20New%29
650;176321171;https://steamcommunity.com/market/listings/730/P250%20%7C%20Visions%20%28Field-Tested%29
651;176185939;https://steamcommunity.com/market/listings/730/M4A4%20%7C%20Tooth%20Fairy%20%28Minimal%20Wear%29
652;176091800;https://steamcommunity.com/market/listings/730/AUG%20%7C%20Death%20by%20Puppy%20%28Field-Tested%29
653;8988647;https://steamcommunity.com/market/listings/730/XM1014%20%7C%20Heaven%20Guard%20%28Minimal%20Wear%29
654;139673192;https://steamcommunity.com/market/listings/730/StatTrak%E2%84%A2%20SSG%2008%20%7C%20Necropos%20%28Factory%20New%29
655;176288579;https://steamcommunity.com/market/listings/730/StatTrak%E2%84%A2%20Dual%20Berettas%20%7C%20Melondrama%20%28Field-Tested%29
656;165031027;https://steamcommunity.com/market/listings/730/StatTrak%E2%84%A2%20MP9%20%7C%20Airlock%20%28Minimal%20Wear%29
657;175999969;https://steamcommunity.com/market/listings/730/Sawed-Off%20%7C%20Devourer%20%28Minimal%20Wear%29
658;165031024;https://steamcommunity.com/market/listings/730/FAMAS%20%7C%20Roll%20Cage%20%28Minimal%20Wear%29
659;84454638;https://steamcommunity.com/market/listings/730/Negev%20%7C%20Power%20Loader%20%28Factory%20New%29
660;176263164;https://steamcommunity.com/market/listings/730/Nova%20%7C%20Interlock%20%28Field-Tested%29
661;29207456;https://steamcommunity.com/market/listings/730/P250%20%7C%20Muertos%20%28Factory%20New%29
662;175896388;https://steamcommunity.com/market/listings/730/StatTrak%E2%84%A2%20P2000%20%7C%20Woodsman%20%28Field-Tested%29
663;175896316;https://steamcommunity.com/market/listings/730/P250%20%7C%20Red%20Rock%20%28Field-Tested%29
664;176288539;https://steamcommunity.com/market/listings/730/MP7%20%7C%20Abyssal%20Apparition%20%28Factory%20New%29
665;139673198;https://steamcommunity.com/market/listings/730/StatTrak%E2%84%A2%20PP-Bizon%20%7C%20Photic%20Zone%20%28Factory%20New%29
666;175999981;https://steamcommunity.com/market/listings/730/StatTrak%E2%84%A2%20Sawed-Off%20%7C%20Devourer%20%28Field-Tested%29
667;8988574;https://steamcommunity.com/market/listings/730/MAC-10%20%7C%20Curse%20%28Field-Tested%29
668;176091864;https://steamcommunity.com/market/listings/730/MP9%20%7C%20Hydra%20%28Minimal%20Wear%29
669;1321545;https://steamcommunity.com/market/listings/730/PP-Bizon%20%7C%20Carbon%20Fiber%20%28Minimal%20Wear%29
670;176012413;https://steamcommunity.com/market/listings/730/MP7%20%7C%20Fade%20%28Field-Tested%29
671;176012494;https://steamcommunity.com/market/listings/730/P250%20%7C%20Vino%20Primo%20%28Minimal%20Wear%29
672;176262854;https://steamcommunity.com/market/listings/730/Nova%20%7C%20Quick%20Sand%20%28Field-Tested%29
673;1546448;https://steamcommunity.com/market/listings/730/StatTrak%E2%84%A2%20UMP-45%20%7C%20Bone%20Pile%20%28Minimal%20Wear%29
674;1547096;https://steamcommunity.com/market/listings/730/StatTrak%E2%84%A2%20G3SG1%20%7C%20Demeter%20%28Minimal%20Wear%29
675;15494473;https://steamcommunity.com/market/listings/730/StatTrak%E2%84%A2%20PP-Bizon%20%7C%20Blue%20Streak%20%28Minimal%20Wear%29
676;139673197;https://steamcommunity.com/market/listings/730/StatTrak%E2%84%A2%20Five-SeveN%20%7C%20Triumvirate%20%28Factory%20New%29
677;1546710;https://steamcommunity.com/market/listings/730/StatTrak%E2%84%A2%20SG%20553%20%7C%20Wave%20Spray%20%28Minimal%20Wear%29
678;29205275;https://steamcommunity.com/market/listings/730/M4A4%20%7C%20%E9%BE%8D%E7%8E%8B%20%28Dragon%20King%29%20%28Field-Tested%29
679;176091889;https://steamcommunity.com/market/listings/730/P90%20%7C%20Nostalgia%20%28Minimal%20Wear%29
680;6820894;https://steamcommunity.com/market/listings/730/Tec-9%20%7C%20Titanium%20Bit%20%28Factory%20New%29
681;8988582;https://steamcommunity.com/market/listings/730/XM1014%20%7C%20Heaven%20Guard%20%28Field-Tested%29
682;165031003;https://steamcommunity.com/market/listings/730/MP9%20%7C%20Airlock%20%28Factory%20New%29
683;175917368;https://steamcommunity.com/market/listings/730/R8%20Revolver%20%7C%20Llama%20Cannon%20%28Factory%20New%29
684;8988701;https://steamcommunity.com/market/listings/730/AUG%20%7C%20Torque%20%28Field-Tested%29
685;3440925;https://steamcommunity.com/market/listings/730/P90%20%7C%20Blind%20Spot%20%28Factory%20New%29
686;14953176;https://steamcommunity.com/market/listings/730/SSG%2008%20%7C%20Detour%20%28Field-Tested%29
687;176262760;https://steamcommunity.com/market/listings/730/Nova%20%7C%20Red%20Quartz%20%28Factory%20New%29
688;67060986;https://steamcommunity.com/market/listings/730/SSG%2008%20%7C%20Big%20Iron%20%28Field-Tested%29
689;1917617;https://steamcommunity.com/market/listings/730/Five-SeveN%20%7C%20Case%20Hardened%20%28Minimal%20Wear%29
690;40092070;https://steamcommunity.com/market/listings/730/AK-47%20%7C%20Elite%20Build%20%28Factory%20New%29
691;2386976;https://steamcommunity.com/market/listings/730/P2000%20%7C%20Amber%20Fade%20%28Field-Tested%29
692;176118310;https://steamcommunity.com/market/listings/730/AK-47%20%7C%20Phantom%20Disruptor%20%28Minimal%20Wear%29
693;3442257;https://steamcommunity.com/market/listings/730/StatTrak%E2%84%A2%20Dual%20Berettas%20%7C%20Marina%20%28Minimal%20Wear%29
694;49359127;https://steamcommunity.com/market/listings/730/CZ75-Auto%20%7C%20Yellow%20Jacket%20%28Minimal%20Wear%29
695;176209624;https://steamcommunity.com/market/listings/730/Negev%20%7C%20Phoenix%20Stencil%20%28Factory%20New%29
696;67061037;https://steamcommunity.com/market/listings/730/StatTrak%E2%84%A2%20Galil%20AR%20%7C%20Stone%20Cold%20%28Minimal%20Wear%29
697;2385145;https://steamcommunity.com/market/listings/730/MAC-10%20%7C%20Amber%20Fade%20%28Minimal%20Wear%29
698;8989585;https://steamcommunity.com/market/listings/730/StatTrak%E2%84%A2%20XM1014%20%7C%20Heaven%20Guard%20%28Field-Tested%29
699;3440914;https://steamcommunity.com/market/listings/730/P90%20%7C%20Blind%20Spot%20%28Minimal%20Wear%29
700;176209425;https://steamcommunity.com/market/listings/730/AUG%20%7C%20Carved%20Jade%20%28Field-Tested%29
701;176186020;https://steamcommunity.com/market/listings/730/XM1014%20%7C%20Entombed%20%28Minimal%20Wear%29
702;15490359;https://steamcommunity.com/market/listings/730/Desert%20Eagle%20%7C%20Crimson%20Web%20%28Field-Tested%29
703;67064061;https://steamcommunity.com/market/listings/730/StatTrak%E2%84%A2%20MP7%20%7C%20Special%20Delivery%20%28Factory%20New%29
704;175854345;https://steamcommunity.com/market/listings/730/StatTrak%E2%84%A2%20P90%20%7C%20Shallow%20Grave%20%28Minimal%20Wear%29
705;176012481;https://steamcommunity.com/market/listings/730/Glock-18%20%7C%20Nuclear%20Garden%20%28Minimal%20Wear%29
706;1917382;https://steamcommunity.com/market/listings/730/Nova%20%7C%20Graphite%20%28Factory%20New%29
707;3442227;https://steamcommunity.com/market/listings/730/StatTrak%E2%84%A2%20Nova%20%7C%20Rising%20Skull%20%28Field-Tested%29
708;67061042;https://steamcommunity.com/market/listings/730/G3SG1%20%7C%20Flux%20%28Field-Tested%29
709;175896353;https://steamcommunity.com/market/listings/730/P90%20%7C%20Death%20Grip%20%28Field-Tested%29
710;176042590;https://steamcommunity.com/market/listings/730/Desert%20Eagle%20%7C%20Light%20Rail%20%28Factory%20New%29
711;176358844;https://steamcommunity.com/market/listings/730/StatTrak%E2%84%A2%20R8%20Revolver%20%7C%20Banana%20Cannon%20%28Minimal%20Wear%29
712;176209483;https://steamcommunity.com/market/listings/730/SSG%2008%20%7C%20Threat%20Detected%20%28Minimal%20Wear%29
713;176262889;https://steamcommunity.com/market/listings/730/G3SG1%20%7C%20New%20Roots%20%28Factory%20New%29
714;175854366;https://steamcommunity.com/market/listings/730/StatTrak%E2%84%A2%20Dual%20Berettas%20%7C%20Royal%20Consorts%20%28Factory%20New%29
715;176240966;https://steamcommunity.com/market/listings/730/M4A4%20%7C%20In%20Living%20Color%20%28Field-Tested%29
716;7178898;https://steamcommunity.com/market/listings/730/AUG%20%7C%20Chameleon%20%28Factory%20New%29
717;176262693;https://steamcommunity.com/market/listings/730/Galil%20AR%20%7C%20Amber%20Fade%20%28Minimal%20Wear%29
718;176262839;https://steamcommunity.com/market/listings/730/P250%20%7C%20Black%20%26%20Tan%20%28Factory%20New%29
719;14962920;https://steamcommunity.com/market/listings/730/Glock-18%20%7C%20Water%20Elemental%20%28Minimal%20Wear%29
720;175896285;https://steamcommunity.com/market/listings/730/P2000%20%7C%20Woodsman%20%28Field-Tested%29
721;176096811;https://steamcommunity.com/market/listings/730/M4A4%20%7C%20Dark%20Blossom%20%28Minimal%20Wear%29
722;176209540;https://steamcommunity.com/market/listings/730/Desert%20Eagle%20%7C%20Night%20Heist%20%28Minimal%20Wear%29
723;176209224;https://steamcommunity.com/market/listings/730/M4A4%20%7C%20Global%20Offensive%20%28Factory%20New%29
724;14216310;https://steamcommunity.com/market/listings/730/MAC-10%20%7C%20Tatter%20%28Minimal%20Wear%29
725;8988646;https://steamcommunity.com/market/listings/730/PP-Bizon%20%7C%20Antique%20%28Minimal%20Wear%29
726;175880302;https://steamcommunity.com/market/listings/730/CZ75-Auto%20%7C%20Xiangliu%20%28Minimal%20Wear%29
727;175896297;https://steamcommunity.com/market/listings/730/SSG%2008%20%7C%20Death%27s%20Head%20%28Field-Tested%29
728;8988557;https://steamcommunity.com/market/listings/730/AUG%20%7C%20Torque%20%28Minimal%20Wear%29
729;6821046;https://steamcommunity.com/market/listings/730/CZ75-Auto%20%7C%20Tread%20Plate%20%28Factory%20New%29
730;139654774;https://steamcommunity.com/market/listings/730/StatTrak%E2%84%A2%20MAG-7%20%7C%20Praetorian%20%28Factory%20New%29
731;3440103;https://steamcommunity.com/market/listings/730/StatTrak%E2%84%A2%20Dual%20Berettas%20%7C%20Marina%20%28Field-Tested%29
732;8988684;https://steamcommunity.com/market/listings/730/MAC-10%20%7C%20Curse%20%28Minimal%20Wear%29
733;175917344;https://steamcommunity.com/market/listings/730/P250%20%7C%20See%20Ya%20Later%20%28Minimal%20Wear%29
734;176185958;https://steamcommunity.com/market/listings/730/M4A4%20%7C%20Tooth%20Fairy%20%28Factory%20New%29
735;8989564;https://steamcommunity.com/market/listings/730/StatTrak%E2%84%A2%20PP-Bizon%20%7C%20Antique%20%28Minimal%20Wear%29
736;14953211;https://steamcommunity.com/market/listings/730/Sawed-Off%20%7C%20Rust%20Coat%20%28Factory%20New%29
737;176262907;https://steamcommunity.com/market/listings/730/Nova%20%7C%20Quick%20Sand%20%28Factory%20New%29
738;49359083;https://steamcommunity.com/market/listings/730/StatTrak%E2%84%A2%20M4A4%20%7C%20Evil%20Daimyo%20%28Minimal%20Wear%29
739;149887256;https://steamcommunity.com/market/listings/730/StatTrak%E2%84%A2%20P250%20%7C%20Asiimov%20%28Field-Tested%29
740;14222065;https://steamcommunity.com/market/listings/730/StatTrak%E2%84%A2%20M4A4%20%7C%20Desert-Strike%20%28Field-Tested%29
741;175896341;https://steamcommunity.com/market/listings/730/P2000%20%7C%20Woodsman%20%28Minimal%20Wear%29
742;175880287;https://steamcommunity.com/market/listings/730/CZ75-Auto%20%7C%20Xiangliu%20%28Factory%20New%29
743;176186032;https://steamcommunity.com/market/listings/730/StatTrak%E2%84%A2%20XM1014%20%7C%20Entombed%20%28Minimal%20Wear%29
744;176024862;https://steamcommunity.com/market/listings/730/StatTrak%E2%84%A2%20Desert%20Eagle%20%7C%20Mecha%20Industries%20%28Field-Tested%29
745;176042608;https://steamcommunity.com/market/listings/730/StatTrak%E2%84%A2%20Five-SeveN%20%7C%20Angry%20Mob%20%28Field-Tested%29
746;8989639;https://steamcommunity.com/market/listings/730/XM1014%20%7C%20Heaven%20Guard%20%28Factory%20New%29
747;3442277;https://steamcommunity.com/market/listings/730/StatTrak%E2%84%A2%20FAMAS%20%7C%20Pulse%20%28Minimal%20Wear%29
748;156113478;https://steamcommunity.com/market/listings/730/P2000%20%7C%20Imperial%20Dragon%20%28Factory%20New%29
749;176321219;https://steamcommunity.com/market/listings/730/P250%20%7C%20Visions%20%28Minimal%20Wear%29
750;7178679;https://steamcommunity.com/market/listings/730/Nova%20%7C%20Antique%20%28Minimal%20Wear%29
751;49359047;https://steamcommunity.com/market/listings/730/MP7%20%7C%20Nemesis%20%28Factory%20New%29
752;8990327;https://steamcommunity.com/market/listings/730/StatTrak%E2%84%A2%20MAC-10%20%7C%20Curse%20%28Minimal%20Wear%29
753;14953128;https://steamcommunity.com/market/listings/730/MAG-7%20%7C%20Silver%20%28Factory%20New%29
754;1918260;https://steamcommunity.com/market/listings/730/MP9%20%7C%20Hypnotic%20%28Factory%20New%29
755;175896361;https://steamcommunity.com/market/listings/730/P90%20%7C%20Death%20Grip%20%28Minimal%20Wear%29
756;14953114;https://steamcommunity.com/market/listings/730/USP-S%20%7C%20Royal%20Blue%20%28Field-Tested%29
757;6824738;https://steamcommunity.com/market/listings/730/StatTrak%E2%84%A2%20CZ75-Auto%20%7C%20Tread%20Plate%20%28Minimal%20Wear%29
758;176042750;https://steamcommunity.com/market/listings/730/XM1014%20%7C%20Incinegator%20%28Minimal%20Wear%29
759;175880299;https://steamcommunity.com/market/listings/730/M4A1-S%20%7C%20Decimator%20%28Field-Tested%29
760;175880269;https://steamcommunity.com/market/listings/730/AWP%20%7C%20Fever%20Dream%20%28Field-Tested%29
761;8988937;https://steamcommunity.com/market/listings/730/StatTrak%E2%84%A2%20XM1014%20%7C%20Heaven%20Guard%20%28Minimal%20Wear%29
762;14946485;https://steamcommunity.com/market/listings/730/Nova%20%7C%20Green%20Apple%20%28Minimal%20Wear%29
763;176358829;https://steamcommunity.com/market/listings/730/MAC-10%20%7C%20Sakkaku%20%28Field-Tested%29
764;8988642;https://steamcommunity.com/market/listings/730/PP-Bizon%20%7C%20Antique%20%28Factory%20New%29
765;18539024;https://steamcommunity.com/market/listings/730/FAMAS%20%7C%20Styx%20%28Factory%20New%29
766;176024885;https://steamcommunity.com/market/listings/730/StatTrak%E2%84%A2%20UMP-45%20%7C%20Momentum%20%28Minimal%20Wear%29
767;176241090;https://steamcommunity.com/market/listings/730/XM1014%20%7C%20XOXO%20%28Factory%20New%29
768;3445847;https://steamcommunity.com/market/listings/730/StatTrak%E2%84%A2%20P90%20%7C%20Blind%20Spot%20%28Minimal%20Wear%29
769;8989601;https://steamcommunity.com/market/listings/730/StatTrak%E2%84%A2%20AUG%20%7C%20Torque%20%28Field-Tested%29
770;8988671;https://steamcommunity.com/market/listings/730/AUG%20%7C%20Torque%20%28Factory%20New%29
771;175896352;https://steamcommunity.com/market/listings/730/SSG%2008%20%7C%20Death%27s%20Head%20%28Factory%20New%29
772;84444525;https://steamcommunity.com/market/listings/730/StatTrak%E2%84%A2%20Negev%20%7C%20Power%20Loader%20%28Minimal%20Wear%29
773;176097497;https://steamcommunity.com/market/listings/730/XM1014%20%7C%20Banana%20Leaf%20%28Factory%20New%29
774;1321383;https://steamcommunity.com/market/listings/730/Galil%20AR%20%7C%20Orange%20DDPAT%20%28Field-Tested%29
775;14216317;https://steamcommunity.com/market/listings/730/MAC-10%20%7C%20Tatter%20%28Factory%20New%29
776;175896362;https://steamcommunity.com/market/listings/730/StatTrak%E2%84%A2%20SSG%2008%20%7C%20Death%27s%20Head%20%28Field-Tested%29
777;49430977;https://steamcommunity.com/market/listings/730/Tec-9%20%7C%20Hades%20%28Field-Tested%29
778;176185946;https://steamcommunity.com/market/listings/730/XM1014%20%7C%20Entombed%20%28Factory%20New%29
779;2385202;https://steamcommunity.com/market/listings/730/P2000%20%7C%20Amber%20Fade%20%28Minimal%20Wear%29
780;67061034;https://steamcommunity.com/market/listings/730/G3SG1%20%7C%20Flux%20%28Minimal%20Wear%29
781;8989559;https://steamcommunity.com/market/listings/730/AK-47%20%7C%20Emerald%20Pinstripe%20%28Minimal%20Wear%29
782;149892595;https://steamcommunity.com/market/listings/730/StatTrak%E2%84%A2%20SSG%2008%20%7C%20Ghost%20Crusader%20%28Factory%20New%29
783;176024825;https://steamcommunity.com/market/listings/730/Desert%20Eagle%20%7C%20Mecha%20Industries%20%28Factory%20New%29
784;176024880;https://steamcommunity.com/market/listings/730/StatTrak%E2%84%A2%20MP5-SD%20%7C%20Phosphor%20%28Minimal%20Wear%29
785;7178895;https://steamcommunity.com/market/listings/730/P90%20%7C%20Trigon%20%28Minimal%20Wear%29
786;176012468;https://steamcommunity.com/market/listings/730/AK-47%20%7C%20Safety%20Net%20%28Factory%20New%29
787;14953161;https://steamcommunity.com/market/listings/730/Nova%20%7C%20Green%20Apple%20%28Factory%20New%29
788;3440920;https://steamcommunity.com/market/listings/730/AK-47%20%7C%20Blue%20Laminate%20%28Factory%20New%29
